team_id,model_id,transformation,link_function_reported,dataset,mixed_model,response_variable_type,response_construction_description,response_variable_name,response_id_S2,test_variable,sample_size,Bayesian,linear_model,model_subclass,SurveyID,Date,Season,Property,Quadrat no,Easting,Northing,Aspect,Landscape position,ExoticAnnualGrass_cover,ExoticAnnualHerb_cover,ExoticPerennialHerb_cover,ExoticPerennialGrass_cover,ExoticShrub_cover,NativePerennialFern_cover,NativePerennialGrass_cover,NativePerennialHerb_cover,NativePerennialGraminoid_cover,NativeShrub_cover,BareGround_cover,Litter_cover,MossLichen_cover,Rock_cover,Euc_canopy_cover,Distance_to_Eucalypt_canopy(m),euc_sdlgs0_50cm,euc_sdlgs50cm-2m,euc_sdlgs>2m,annual_precipitation,precipitation_warmest_quarter,precipitation_coldest_quarter,PET,MrVBF,K_perc,Th_ppm,U_ppm,SRad_Jan,SRad_Jul,all_grass,all_exotic_grass,all_native_grass_graminoid,all_non-grass_veg,shrub_cover,herb_cover,other_veg,bare,month,all_exotic_herb,native_herb_fern_gram,growing_space,soilPC1,coverPC1,coverPC2,coverPC3,precip_max_range,year,size_class,all_perennial_grass,sample
Bicheno,Bicheno-1-1-1,NA,NA,eucalyptus,NA,constructed variable (combining information from two or more original variables),euc_sdlgs0_50cm + euc_sdlgs50cm-2m,euc_sdlgs0_2m,R_0MuZ4chnmwTaLiV,NA,NA,0,generalised,zero_inflated_hurdle,NA,NA,Season,NA,NA,NA,NA,NA,NA,ExoticAnnualGrass_cover,ExoticAnnualHerb_cover,ExoticPerennialHerb_cover,ExoticPerennialGrass_cover,ExoticShrub_cover,NativePerennialFern_cover,NativePerennialGrass_cover,NativePerennialHerb_cover,NativePerennialGraminoid_cover,NA,BareGround_cover,Litter_cover,NA,NA,Euc_canopy_cover,Distance_to_Eucalypt_canopy(m),euc_sdlgs0_50cm,euc_sdlgs50cm-2m,NA,NA,NA,NA,PET,NA,NA,NA,NA,NA,SRad_Jul,NA,NA,NA,NA,NA,NA,NA,NA,NA,NA,NA,NA,NA,NA,NA,NA,NA,NA,NA,NA,NA
Bicheno,Bicheno-1-1-2,NA,NA,eucalyptus,NA,constructed variable (combining information from two or more original variables),euc_sdlgs0_50cm + euc_sdlgs50cm-2m,euc_sdlgs0_2m,R_0MuZ4chnmwTaLiV,NA,NA,0,generalised,zero_inflated_hurdle,NA,NA,Season,NA,NA,NA,NA,NA,NA,ExoticAnnualGrass_cover,ExoticAnnualHerb_cover,ExoticPerennialHerb_cover,ExoticPerennialGrass_cover,ExoticShrub_cover,NativePerennialFern_cover,NativePerennialGrass_cover,NativePerennialHerb_cover,NativePerennialGraminoid_cover,NA,BareGround_cover,Litter_cover,NA,NA,Euc_canopy_cover,Distance_to_Eucalypt_canopy(m),euc_sdlgs0_50cm,euc_sdlgs50cm-2m,NA,NA,NA,NA,PET,NA,NA,NA,NA,NA,SRad_Jul,NA,NA,NA,NA,NA,NA,NA,NA,NA,NA,NA,NA,NA,NA,NA,NA,NA,NA,NA,NA,NA
Biloela,Biloela-1-1-1,log,log,eucalyptus,1,constructed variable (combining information from two or more original variables),"We combined the first two seedling measures of 0-50cm and 50cm-2m into one response variable. These two measures were highly correlated across all three seasons, with no pattern for the >2m seedling measure. Quadrats with high counts for 0-50cm are more likely to also have high counts for 50cm-2m, regardless of season, and thus, treating them as two different response variables with the same set of predictor variables is unnecessary, if not invalid. A further look at the third seedling measure of >2m shows that a total of 40 observations were made, all within 9 quadrats, and all within the Autumn 2007 season only. Otherwise, >340 quadrats had no seedlings observed. This class provided no meaningful info.",euc_sdlgs_all,R_12R6XuSRUcRemui,NA,NA,0,generalised,zero_inflated,NA,NA,Season,Property,Quadrat no,NA,NA,Aspect,NA,ExoticAnnualGrass_cover,ExoticAnnualHerb_cover,ExoticPerennialHerb_cover,ExoticPerennialGrass_cover,ExoticShrub_cover,NA,NativePerennialGrass_cover,NA,NA,NA,BareGround_cover,Litter_cover,NA,NA,Euc_canopy_cover,Distance_to_Eucalypt_canopy(m),euc_sdlgs0_50cm,euc_sdlgs50cm-2m,NA,NA,NA,NA,NA,NA,NA,Th_ppm,NA,NA,NA,NA,NA,NA,NA,NA,NA,NA,NA,NA,NA,NA,NA,NA,NA,NA,NA,NA,NA,NA,NA,NA
Bingara,Bingara-1-1-1,log,log,eucalyptus,1,constructed variable (combining information from two or more original variables),I summed all seedlings eucalyptus variables,euc_sdlgs_all,R_1BWpZlSbkmSofe1,ExoticAnnualGrass_cover,346,0,generalised,standard,NA,Date,NA,Property,Quadrat no,NA,NA,NA,NA,ExoticAnnualGrass_cover,NA,NA,ExoticPerennialGrass_cover,NA,NA,NativePerennialGrass_cover,NA,NativePerennialGraminoid_cover,NA,BareGround_cover,NA,MossLichen_cover,Rock_cover,Euc_canopy_cover,Distance_to_Eucalypt_canopy(m),NA,NA,NA,NA,NA,NA,NA,NA,K_perc,NA,NA,NA,NA,NA,NA,NA,NA,NA,NA,NA,NA,NA,NA,NA,NA,NA,NA,NA,NA,NA,NA,NA,NA,NA
Birchip,Birchip-1-1-1,log,log,eucalyptus,1,constructed variable (combining information from two or more original variables),"I summed euc_sdlgs50cm-2m, euc_sdlgs>2m and euc_sdlgs0_50cm",euc_sdlgs_all,R_1Ej3sywrrnzy7KJ,NativePerennialGrass_cover,NA,0,generalised,standard,NA,Date,NA,Property,Quadrat no,NA,NA,NA,NA,ExoticAnnualGrass_cover,NA,NA,ExoticPerennialGrass_cover,NA,NA,NativePerennialGrass_cover,NA,NA,NA,NA,NA,NA,NA,NA,NA,NA,NA,NA,NA,NA,NA,NA,NA,NA,NA,NA,NA,NA,NA,NA,NA,NA,NA,NA,NA,NA,NA,NA,NA,NA,NA,NA,NA,NA,NA,NA,NA,NA,NA
Birdwoo,Birdwoo-1-1-1,log,log,eucalyptus,1,constructed variable (combining information from two or more original variables),"I summed the total values contained in 'euc_sdlgs0_50cm', 'euc_sdlgs50cm-2m' and ''euc_sdlgs>2m'",euc_sdlgs_all,R_1FJQlMO4buRu6S2,NA,NA,0,generalised,standard,NA,NA,NA,Property,Quadrat no,NA,NA,NA,NA,ExoticAnnualGrass_cover,NA,ExoticPerennialHerb_cover,ExoticPerennialGrass_cover,NA,NA,NativePerennialGrass_cover,NA,NA,NA,NA,NA,NA,NA,Euc_canopy_cover,Distance_to_Eucalypt_canopy(m),NA,NA,NA,NA,NA,NA,NA,NA,NA,NA,NA,SRad_Jan,NA,NA,NA,NA,NA,NA,NA,NA,NA,NA,NA,NA,NA,NA,NA,NA,NA,NA,NA,NA,NA,NA
Blayney,Blayney-1-1-1,NA,NA,eucalyptus,1,constructed variable (combining information from two or more original variables),"sum of ""euc_sdlgs0_50cm"" and ""euc_sdlgs.2m""",euc_sdlgs_all,R_1ib6zw7qoq0lHlf,all_exotic_grass,NA,0,generalised,standard,NA,NA,Season,Property,NA,NA,NA,Aspect,NA,ExoticAnnualGrass_cover,ExoticAnnualHerb_cover,ExoticPerennialHerb_cover,ExoticPerennialGrass_cover,ExoticShrub_cover,NativePerennialFern_cover,NativePerennialGrass_cover,NativePerennialHerb_cover,NativePerennialGraminoid_cover,NativeShrub_cover,NA,NA,NA,NA,Euc_canopy_cover,Distance_to_Eucalypt_canopy(m),euc_sdlgs0_50cm,euc_sdlgs50cm-2m,euc_sdlgs>2m,annual_precipitation,NA,NA,NA,MrVBF,NA,NA,NA,SRad_Jan,NA,NA,NA,NA,NA,NA,NA,NA,NA,NA,NA,NA,NA,NA,NA,NA,NA,NA,NA,NA,NA,NA
Bodalla,Bodalla-1-1-1,log,log,eucalyptus,1,"original variable (not transformed prior to analysis - if transformed with link function in analysis, click this option)",NA,euc_sdlgs_all,R_1ItMbxJAVt7RRtX,ExoticAnnualGrass_cover,90,0,generalised,standard,NA,NA,NA,Property,NA,NA,NA,NA,NA,ExoticAnnualGrass_cover,NA,NA,ExoticPerennialGrass_cover,NA,NA,NativePerennialGrass_cover,NA,NA,NA,NA,NA,NA,NA,NA,NA,NA,NA,NA,NA,NA,NA,NA,NA,NA,NA,NA,NA,NA,NA,NA,NA,NA,NA,NA,NA,NA,NA,NA,NA,NA,NA,NA,NA,NA,NA,NA,NA,NA,NA
Bombala,Bombala-1-1-1,log,log,eucalyptus,1,constructed variable (combining information from two or more original variables),"Combined euc_sdlgs0_50cm, euc_sdlgs50cm.2m, and euc_sdlgs.2m by melting dataframe.",euc_sdlgs_all,R_1kH1Ko3yaLsrD0E,ExoticPerennialGrass_cover,NA,0,generalised,zero_inflated,NA,NA,Season,Property,Quadrat no,NA,NA,NA,NA,NA,NA,NA,ExoticPerennialGrass_cover,NA,NA,NA,NA,NA,NA,NA,NA,NA,NA,NA,NA,NA,NA,NA,NA,NA,NA,NA,NA,NA,NA,NA,NA,NA,NA,NA,NA,NA,NA,NA,NA,NA,NA,NA,NA,NA,NA,NA,NA,NA,NA,NA,size_class,NA,NA
Bonalbo,Bonalbo-1-1-1,log,log,eucalyptus,1,"original variable (not transformed prior to analysis - if transformed with link function in analysis, click this option)",NA,euc_sdlgs0_50cm,R_1l9qIgUeSEKY3ME,all_grass,NA,0,linear,zero_inflated,NA,NA,Season,Property,NA,Easting,Northing,NA,NA,NA,NA,NA,NA,NA,NA,NA,NA,NA,NA,NA,NA,NA,NA,NA,Distance_to_Eucalypt_canopy(m),NA,NA,NA,NA,NA,NA,NA,NA,NA,NA,NA,NA,SRad_Jul,all_grass,NA,NA,NA,NA,NA,NA,NA,NA,NA,NA,NA,NA,NA,NA,NA,NA,NA,NA,NA,NA
Bonalbo,Bonalbo-2-2-1,log,log,eucalyptus,1,constructed variable (combining information from two or more original variables),`euc_sdlgs50cm-2m` + `euc_sdlgs>2m`,euc_sdlgs>50cm,R_1l9qIgUeSEKY3ME,all_grass,NA,0,linear,zero_inflated,NA,NA,Season,Property,NA,Easting,Northing,NA,NA,NA,NA,NA,NA,NA,NA,NA,NA,NA,NA,NA,NA,NA,NA,NA,Distance_to_Eucalypt_canopy(m),euc_sdlgs0_50cm,NA,NA,NA,NA,NA,NA,NA,NA,NA,NA,NA,SRad_Jul,all_grass,NA,NA,NA,NA,NA,NA,NA,NA,NA,NA,NA,NA,NA,NA,NA,NA,NA,NA,NA,NA
Boorowa,Boorowa-1-3-1,log,log,eucalyptus,1,"original variable (not transformed prior to analysis - if transformed with link function in analysis, click this option)",NA,euc_sdlgs>2m,R_1LRqq2WHrQaENtM,ExoticPerennialGrass_cover,348,0,generalised,standard,NA,NA,Season,Property,NA,NA,NA,NA,NA,ExoticAnnualGrass_cover,NA,NA,ExoticPerennialGrass_cover,NA,NA,NativePerennialGrass_cover,NA,NA,NA,NA,NA,NA,NA,NA,NA,NA,NA,NA,annual_precipitation,NA,NA,NA,NA,NA,NA,NA,NA,SRad_Jul,NA,NA,NA,NA,NA,NA,NA,NA,NA,NA,NA,NA,NA,NA,NA,NA,NA,NA,NA,NA,NA
Boorowa,Boorowa-1-1-1,log,log,eucalyptus,1,"original variable (not transformed prior to analysis - if transformed with link function in analysis, click this option)",NA,euc_sdlgs0_50cm,R_1LRqq2WHrQaENtM,ExoticPerennialGrass_cover,348,0,generalised,standard,NA,NA,Season,Property,NA,NA,NA,NA,NA,ExoticAnnualGrass_cover,NA,NA,ExoticPerennialGrass_cover,NA,NA,NativePerennialGrass_cover,NA,NA,NA,NA,NA,NA,NA,NA,NA,NA,NA,NA,annual_precipitation,NA,NA,NA,NA,NA,NA,NA,NA,SRad_Jul,NA,NA,NA,NA,NA,NA,NA,NA,NA,NA,NA,NA,NA,NA,NA,NA,NA,NA,NA,NA,NA
Boorowa,Boorowa-1-2-1,log,log,eucalyptus,1,"original variable (not transformed prior to analysis - if transformed with link function in analysis, click this option)",NA,euc_sdlgs50cm_2m,R_1LRqq2WHrQaENtM,ExoticPerennialGrass_cover,348,0,generalised,standard,NA,NA,Season,Property,NA,NA,NA,NA,NA,ExoticAnnualGrass_cover,NA,NA,ExoticPerennialGrass_cover,NA,NA,NativePerennialGrass_cover,NA,NA,NA,NA,NA,NA,NA,NA,NA,NA,NA,NA,annual_precipitation,NA,NA,NA,NA,NA,NA,NA,NA,NA,NA,NA,NA,NA,NA,NA,NA,NA,NA,NA,NA,NA,NA,NA,NA,NA,NA,NA,NA,NA,NA
Brookto,Brookto-1-1-1,log,log,eucalyptus,1,constructed variable (combining information from two or more original variables),euc_sdlgs50cm_2m + euc_sdlgs0-50cm + euc_sdlgs>2m,euc_sdlgs_all,R_1LTZWsikoIaKdMu,all_grass,276,0,generalised,mixture_model,NA,NA,Season,Property,NA,NA,NA,NA,NA,ExoticAnnualGrass_cover,ExoticAnnualHerb_cover,ExoticPerennialHerb_cover,ExoticPerennialGrass_cover,ExoticShrub_cover,NativePerennialFern_cover,NativePerennialGrass_cover,NativePerennialHerb_cover,NativePerennialGraminoid_cover,NativeShrub_cover,BareGround_cover,Litter_cover,MossLichen_cover,Rock_cover,Euc_canopy_cover,Distance_to_Eucalypt_canopy(m),euc_sdlgs0_50cm,euc_sdlgs50cm-2m,euc_sdlgs>2m,NA,NA,NA,PET,NA,K_perc,Th_ppm,U_ppm,NA,NA,all_grass,NA,NA,NA,NA,NA,NA,NA,NA,NA,NA,NA,soilPC1,coverPC1,coverPC2,coverPC3,NA,NA,NA,NA,NA
Broulee,Broulee-1-1-1,log,log,eucalyptus,0,"original variable (not transformed prior to analysis - if transformed with link function in analysis, click this option)",NA,euc_sdlgs50cm_2m,R_1LXqc8NAdABndjl,ExoticPerennialGrass_cover,NA,1,generalised,standard,NA,NA,Season,Property,NA,NA,NA,NA,Landscape position,ExoticAnnualGrass_cover,NA,NA,ExoticPerennialGrass_cover,NA,NA,NativePerennialGrass_cover,NA,NA,NA,NA,Litter_cover,NA,NA,NA,Distance_to_Eucalypt_canopy(m),euc_sdlgs0_50cm,NA,NA,annual_precipitation,NA,NA,NA,NA,K_perc,NA,NA,NA,SRad_Jul,NA,NA,NA,NA,NA,NA,NA,NA,NA,NA,NA,NA,NA,NA,NA,NA,NA,NA,NA,NA,NA
Bruthen,Bruthen-1-1-1,NA,NA,eucalyptus,NA,"original variable (not transformed prior to analysis - if transformed with link function in analysis, click this option)",NA,euc_sdlgs_all,R_1M0cMZL2IPYWHoi,NA,NA,NA,NA,NA,NA,NA,NA,NA,NA,NA,NA,NA,NA,NA,NA,NA,NA,NA,NA,NA,NA,NA,NA,NA,NA,NA,NA,NA,NA,NA,NA,NA,NA,NA,NA,NA,NA,NA,NA,NA,NA,NA,NA,NA,NA,NA,NA,NA,NA,NA,NA,NA,NA,NA,NA,NA,NA,NA,NA,NA,NA,NA,NA
Buderim,Buderim-1-1-1,NA,NA,eucalyptus,1,"original variable (not transformed prior to analysis - if transformed with link function in analysis, click this option)",NA,euc_sdlgs_all,R_1M0cMZL2IPYWHoi,NA,NA,1,generalised,NA,NA,Date,NA,NA,NA,Easting,Northing,NA,NA,ExoticAnnualGrass_cover,ExoticAnnualHerb_cover,ExoticPerennialHerb_cover,ExoticPerennialGrass_cover,ExoticShrub_cover,NativePerennialFern_cover,NativePerennialGrass_cover,NativePerennialHerb_cover,NativePerennialGraminoid_cover,NativeShrub_cover,NA,NA,NA,NA,NA,Distance_to_Eucalypt_canopy(m),euc_sdlgs0_50cm,euc_sdlgs50cm-2m,euc_sdlgs>2m,NA,NA,NA,PET,NA,NA,NA,NA,NA,NA,NA,NA,NA,NA,NA,NA,NA,NA,NA,NA,NA,NA,NA,NA,NA,NA,NA,NA,NA,NA,NA
Candelo,Candelo-4-4-1,log,log,eucalyptus,1,constructed variable (combining information from two or more original variables),Euc_data$euc_sdlgs0_50cm + Euc_data$euc_sdlgs50cm.2m + Euc_data$euc_sdlgs.2m,euc_sdlgs_all,R_1NqVW3amqwy69rK,NA,NA,0,generalised,zero_inflated,NA,NA,NA,Property,Quadrat no,NA,NA,NA,NA,NA,NA,NA,NA,NA,NA,NA,NA,NA,NA,NA,NA,NA,NA,NA,NA,euc_sdlgs0_50cm,euc_sdlgs50cm-2m,euc_sdlgs>2m,NA,NA,NA,NA,NA,NA,NA,NA,NA,NA,NA,NA,NA,NA,NA,NA,NA,NA,NA,NA,NA,NA,NA,NA,NA,NA,NA,NA,NA,NA,NA
Candelo,Candelo-3-3-1,log,log,eucalyptus,1,"original variable (not transformed prior to analysis - if transformed with link function in analysis, click this option)",NA,euc_sdlgs>2m,R_1NqVW3amqwy69rK,all_grass,NA,0,generalised,zero_inflated,NA,NA,NA,NA,NA,NA,NA,NA,NA,NA,NA,NA,NA,NA,NA,NA,NA,NA,NA,NA,NA,NA,NA,NA,Distance_to_Eucalypt_canopy(m),NA,NA,NA,NA,NA,NA,NA,NA,NA,NA,NA,NA,NA,all_grass,NA,NA,NA,NA,NA,NA,NA,NA,NA,NA,NA,NA,NA,NA,NA,NA,NA,NA,NA,NA
Candelo,Candelo-1-1-1,log,log,eucalyptus,1,"original variable (not transformed prior to analysis - if transformed with link function in analysis, click this option)",NA,euc_sdlgs0_50cm,R_1NqVW3amqwy69rK,NA,NA,0,generalised,zero_inflated,NA,NA,NA,Property,Quadrat no,NA,NA,NA,NA,NA,NA,NA,NA,NA,NA,NA,NA,NA,NA,NA,NA,NA,NA,NA,Distance_to_Eucalypt_canopy(m),euc_sdlgs0_50cm,NA,NA,NA,NA,NA,NA,NA,NA,NA,NA,NA,NA,NA,NA,NA,NA,NA,NA,NA,NA,NA,NA,NA,NA,NA,NA,NA,NA,NA,NA,NA,NA,NA
Candelo,Candelo-2-2-1,log,log,eucalyptus,1,"original variable (not transformed prior to analysis - if transformed with link function in analysis, click this option)",NA,euc_sdlgs50cm_2m,R_1NqVW3amqwy69rK,NA,NA,0,generalised,zero_inflated,NA,NA,NA,Property,Quadrat no,NA,NA,NA,NA,NA,NA,NA,NA,NA,NA,NA,NA,NA,NA,NA,NA,NA,NA,NA,Distance_to_Eucalypt_canopy(m),NA,euc_sdlgs50cm-2m,NA,NA,NA,NA,NA,NA,NA,NA,NA,NA,NA,NA,NA,NA,NA,NA,NA,NA,NA,NA,NA,NA,NA,NA,NA,NA,NA,NA,NA,NA,NA,NA
Carcoar,Carcoar-1-1-1,log,log,eucalyptus,1,constructed variable (combining information from two or more original variables),agg_regen <- data.complete$euc_sdlgs0_50cm*0.25 + data.complete$euc_sdlgs50cm.2m*1.25 + data.complete$euc_sdlgs.2m*2.5,small*0.25+medium*1.25+large*2.5,R_1r2FSn2AXuCimpi,ExoticAnnualGrass_cover,345,0,generalised,standard,NA,NA,Season,Property,NA,NA,NA,NA,NA,ExoticAnnualGrass_cover,NA,NA,NA,NA,NA,NA,NA,NA,NA,NA,NA,NA,NA,NA,Distance_to_Eucalypt_canopy(m),NA,NA,NA,NA,NA,NA,NA,NA,NA,NA,NA,NA,NA,NA,NA,NA,NA,NA,NA,NA,NA,NA,NA,NA,NA,NA,NA,NA,NA,NA,NA,NA,all_perennial_grass,NA
Carnama,Carnama-1-1-1,log,log,eucalyptus,1,"original variable (not transformed prior to analysis - if transformed with link function in analysis, click this option)",NA,euc_sdlgs0_50cm,R_1reUKfTYXhTqVMo,NativePerennialGrass_cover,NA,1,generalised,standard,SurveyID,NA,Season,Property,NA,NA,NA,NA,NA,ExoticAnnualGrass_cover,NA,NA,ExoticPerennialGrass_cover,NA,NA,NativePerennialGrass_cover,NA,NA,NA,NA,NA,NA,NA,NA,NA,NA,NA,NA,NA,NA,NA,NA,NA,NA,NA,NA,NA,NA,NA,NA,NA,NA,NA,NA,NA,NA,NA,NA,NA,NA,NA,NA,NA,NA,NA,NA,NA,NA,NA
Chewton,Chewton-1-1-1,log,log,eucalyptus,1,constructed variable (combining information from two or more original variables),"""euc_sdlgs_overall = euc_sdlgs0_50cm + euc_sdlgs50cm_2m + euc_sdlgs_over2m"" as well as a binomial identifier on whether a seedling was present or not",euc_sdlgs_all,R_21AEcUhC7tWDsN6,all_grass:Euc_canopy_cover,NA,1,generalised,hurdle,NA,NA,NA,Property,NA,NA,NA,Aspect,NA,NA,NA,NA,NA,NA,NA,NA,NA,NA,NA,NA,NA,MossLichen_cover,NA,Euc_canopy_cover,NA,NA,NA,NA,NA,NA,NA,NA,NA,NA,NA,NA,NA,NA,all_grass,NA,NA,NA,NA,NA,NA,NA,NA,NA,NA,NA,NA,NA,NA,NA,NA,NA,NA,NA,NA
Aberdeen,Aberdeen-1-1-1,log,log,eucalyptus,1,constructed variable (combining information from two or more original variables),"sum of euc_sdlgs0_50cm, euc_sdlgs50cm.2m, euc_sdlgs.2m",euc_sdlgs_all,R_21I1NvXiVXIGkqp,all_grass,NA,0,generalised,standard,NA,Date,NA,Property,Quadrat no,NA,NA,NA,NA,NA,NA,NA,NA,NA,NA,NA,NA,NA,NA,NA,NA,NA,NA,NA,Distance_to_Eucalypt_canopy(m),NA,NA,NA,NA,NA,NA,PET,NA,NA,NA,NA,NA,NA,all_grass,NA,NA,NA,NA,NA,NA,NA,NA,NA,NA,growing_space,NA,NA,NA,NA,NA,NA,NA,NA,NA
Andamook,Andamook-3-3-1,log,log,eucalyptus,1,"original variable (not transformed prior to analysis - if transformed with link function in analysis, click this option)",NA,euc_sdlgs0_50cm,R_21jtSu9hB9Shf6Y,all_grass,350,0,generalised,standard,NA,NA,NA,Property,NA,NA,NA,NA,NA,NA,NA,NA,NA,NA,NA,NA,NA,NA,NA,NA,NA,NA,NA,NA,NA,NA,NA,NA,NA,NA,NA,NA,NA,NA,NA,NA,NA,NA,all_grass,NA,NA,NA,NA,NA,NA,NA,NA,NA,NA,NA,NA,NA,NA,NA,NA,NA,NA,NA,NA
Andamook,Andamook-1-1-1,log,log,eucalyptus,1,"original variable (not transformed prior to analysis - if transformed with link function in analysis, click this option)",NA,euc_sdlgs0_50cm,R_21jtSu9hB9Shf6Y,ExoticAnnualGrass_cover,350,0,generalised,standard,NA,NA,NA,Property,NA,NA,NA,NA,NA,ExoticAnnualGrass_cover,NA,NA,ExoticPerennialGrass_cover,NA,NA,NativePerennialGrass_cover,NA,NA,NA,NA,NA,NA,NA,NA,NA,NA,NA,NA,NA,NA,NA,NA,NA,NA,NA,NA,NA,NA,NA,NA,NA,NA,NA,NA,NA,NA,NA,NA,NA,NA,NA,NA,NA,NA,NA,NA,NA,NA,NA
Andamook,Andamook-4-4-1,log,log,eucalyptus,1,"original variable (not transformed prior to analysis - if transformed with link function in analysis, click this option)",NA,euc_sdlgs50cm_2m,R_21jtSu9hB9Shf6Y,all_grass,350,0,generalised,standard,NA,NA,NA,Property,NA,NA,NA,NA,NA,NA,NA,NA,NA,NA,NA,NA,NA,NA,NA,NA,NA,NA,NA,NA,NA,NA,NA,NA,NA,NA,NA,NA,NA,NA,NA,NA,NA,NA,all_grass,NA,NA,NA,NA,NA,NA,NA,NA,NA,NA,NA,NA,NA,NA,NA,NA,NA,NA,NA,NA
Andamook,Andamook-2-2-1,log,log,eucalyptus,1,"original variable (not transformed prior to analysis - if transformed with link function in analysis, click this option)",NA,euc_sdlgs50cm_2m,R_21jtSu9hB9Shf6Y,ExoticAnnualGrass_cover,350,0,generalised,standard,NA,NA,NA,Property,NA,NA,NA,NA,NA,ExoticAnnualGrass_cover,NA,NA,ExoticPerennialGrass_cover,NA,NA,NativePerennialGrass_cover,NA,NA,NA,NA,NA,NA,NA,NA,NA,NA,NA,NA,NA,NA,NA,NA,NA,NA,NA,NA,NA,NA,NA,NA,NA,NA,NA,NA,NA,NA,NA,NA,NA,NA,NA,NA,NA,NA,NA,NA,NA,NA,NA
Byrock,Byrock-1-3-1,log,log,eucalyptus,0,constructed variable (combining information from two or more original variables),We simply combined all of the eucalypt seedling groups: euc_sdlgs0_50cm + euc_sdlgs50cm.2m + euc_sdlgs.2m,euc_sdlgs_all,R_23UKvhBc7D608VO,all_grass,350,0,generalised,standard,NA,NA,NA,NA,NA,NA,NA,NA,NA,NA,NA,NA,NA,NA,NA,NA,NA,NA,NA,NA,NA,NA,NA,NA,NA,NA,NA,NA,NA,NA,NA,NA,NA,NA,NA,NA,NA,NA,all_grass,NA,NA,NA,NA,NA,NA,NA,NA,NA,NA,NA,NA,NA,NA,NA,NA,NA,NA,NA,NA
Byrock,Byrock-5-7-1,log,log,eucalyptus,0,constructed variable (combining information from two or more original variables),combined: ExoticAnnualGrass_cover + ExoticPerennialGrass_cover + NativePerennialGrass_cover + NativePerennialGraminoid_cover,euc_sdlgs_all,R_23UKvhBc7D608VO,NativePerennialGrass_cover,350,0,generalised,standard,NA,NA,NA,NA,NA,NA,NA,NA,NA,ExoticAnnualGrass_cover,NA,NA,ExoticPerennialGrass_cover,NA,NA,NativePerennialGrass_cover,NA,NativePerennialGraminoid_cover,NA,NA,NA,NA,NA,NA,NA,NA,NA,NA,NA,NA,NA,NA,NA,NA,NA,NA,NA,NA,NA,NA,NA,NA,NA,NA,NA,NA,NA,NA,NA,NA,NA,NA,NA,NA,NA,NA,NA,NA,NA
Byrock,Byrock-4-6-1,log,log,eucalyptus,0,"original variable (not transformed prior to analysis - if transformed with link function in analysis, click this option)",NA,euc_sdlgs>2m,R_23UKvhBc7D608VO,all_grass,350,0,generalised,standard,NA,NA,NA,NA,NA,NA,NA,NA,NA,NA,NA,NA,NA,NA,NA,NA,NA,NA,NA,NA,NA,NA,NA,NA,NA,NA,NA,NA,NA,NA,NA,NA,NA,NA,NA,NA,NA,NA,all_grass,NA,NA,NA,NA,NA,NA,NA,NA,NA,NA,NA,NA,NA,NA,NA,NA,NA,NA,NA,NA
Byrock,Byrock-2-4-1,log,log,eucalyptus,0,"original variable (not transformed prior to analysis - if transformed with link function in analysis, click this option)",NA,euc_sdlgs0_50cm,R_23UKvhBc7D608VO,all_grass,350,0,generalised,standard,NA,NA,NA,NA,NA,NA,NA,NA,NA,NA,NA,NA,NA,NA,NA,NA,NA,NA,NA,NA,NA,NA,NA,NA,NA,NA,NA,NA,NA,NA,NA,NA,NA,NA,NA,NA,NA,NA,all_grass,NA,NA,NA,NA,NA,NA,NA,NA,NA,NA,NA,NA,NA,NA,NA,NA,NA,NA,NA,NA
Byrock,Byrock-3-5-1,log,log,eucalyptus,0,"original variable (not transformed prior to analysis - if transformed with link function in analysis, click this option)",NA,euc_sdlgs50cm_2m,R_23UKvhBc7D608VO,all_grass,350,0,generalised,standard,NA,NA,NA,NA,NA,NA,NA,NA,NA,NA,NA,NA,NA,NA,NA,NA,NA,NA,NA,NA,NA,NA,NA,NA,NA,NA,NA,NA,NA,NA,NA,NA,NA,NA,NA,NA,NA,NA,all_grass,NA,NA,NA,NA,NA,NA,NA,NA,NA,NA,NA,NA,NA,NA,NA,NA,NA,NA,NA,NA
Anglesea,Anglesea-1-1-1,log,log,eucalyptus,0,constructed variable (combining information from two or more original variables),"Sum of seedlings: euc_sdlgs0_50cm, euc_sdlgs50cm-2m, euc_sdlgs>2m",euc_sdlgs_all,R_27QNfbdXCi5JjQT,all_perennial_grass,350,0,generalised,standard,NA,NA,NA,NA,NA,NA,NA,NA,NA,ExoticAnnualGrass_cover,NA,NA,ExoticPerennialGrass_cover,NA,NA,NativePerennialGrass_cover,NA,NA,NA,NA,NA,NA,NA,NA,NA,NA,NA,NA,NA,NA,NA,NA,NA,NA,NA,NA,NA,NA,NA,NA,NA,NA,NA,NA,NA,NA,NA,NA,NA,NA,NA,NA,NA,NA,NA,NA,NA,NA,NA
Anglesea,Anglesea-2-2-1,log,log,eucalyptus,0,"original variable (not transformed prior to analysis - if transformed with link function in analysis, click this option)",NA,euc_sdlgs0_50cm,R_27QNfbdXCi5JjQT,ExoticAnnualGrass_cover,350,0,generalised,standard,NA,NA,NA,NA,NA,NA,NA,NA,NA,ExoticAnnualGrass_cover,NA,NA,ExoticPerennialGrass_cover,NA,NA,NativePerennialGrass_cover,NA,NA,NA,NA,NA,NA,NA,NA,NA,NA,NA,NA,NA,NA,NA,NA,NA,NA,NA,NA,NA,NA,NA,NA,NA,NA,NA,NA,NA,NA,NA,NA,NA,NA,NA,NA,NA,NA,NA,NA,NA,NA,NA
Ardrossa,Ardrossa-1-1-1,log,log,eucalyptus,1,constructed variable (combining information from two or more original variables),Sum of euc_sdlgs0_50cm + euc_sdlgs50cm.2m,euc_sdlgs0_2m,R_2AHKlq0vRRQTSVz,all_grass,350,1,generalised,standard,NA,NA,NA,Property,NA,NA,NA,NA,NA,NA,NA,NA,NA,NA,NA,NA,NA,NA,NA,NA,NA,NA,NA,NA,Distance_to_Eucalypt_canopy(m),NA,NA,NA,NA,NA,NA,NA,NA,NA,NA,NA,NA,NA,all_grass,NA,NA,NA,NA,NA,NA,NA,NA,NA,NA,NA,NA,NA,NA,NA,NA,NA,NA,NA,NA
Arkarool,Arkarool-1-1-1,logit,logit,eucalyptus,0,"original variable (not transformed prior to analysis - if transformed with link function in analysis, click this option)",NA,euc_sdlgs50cm_2m,R_2anLJGpWhjUjzes,all_grass,NA,0,generalised,hurdle,NA,NA,NA,NA,NA,NA,NA,NA,NA,NA,NA,NA,NA,NA,NA,NA,NA,NA,NA,NA,NA,NA,NA,NA,NA,NA,NA,NA,NA,NA,NA,NA,NA,K_perc,Th_ppm,NA,NA,NA,all_grass,NA,NA,NA,NA,NA,NA,NA,NA,NA,NA,NA,NA,NA,NA,NA,NA,NA,NA,NA,NA
Armidale,Armidale-1-1-1,NA,NA,eucalyptus,1,"original variable (not transformed prior to analysis - if transformed with link function in analysis, click this option)",NA,euc_sdlgs0_50cm,R_2D5BccM9OleEDwh,NA,NA,0,generalised,zero_inflated,NA,NA,NA,NA,NA,NA,NA,NA,NA,NA,NA,NA,NA,NA,NA,NA,NA,NA,NA,NA,NA,NA,NA,NA,NA,NA,NA,NA,NA,NA,NA,NA,NA,NA,NA,NA,NA,NA,NA,NA,NA,NA,NA,NA,NA,NA,NA,NA,NA,NA,NA,NA,NA,NA,NA,NA,NA,NA,NA
Atherton,Atherton-3-3-1,log,log,eucalyptus,1,"original variable (not transformed prior to analysis - if transformed with link function in analysis, click this option)",NA,euc_sdlgs>2m,R_2EgAnNXZmEg7LoJ,ExoticAnnualGrass_cover,NA,0,generalised,standard,NA,NA,Season,Property,NA,NA,NA,NA,NA,ExoticAnnualGrass_cover,NA,NA,NA,NA,NA,NA,NA,NA,NA,NA,NA,NA,NA,NA,NA,NA,NA,NA,NA,NA,NA,NA,NA,NA,NA,NA,NA,NA,NA,NA,NA,NA,NA,NA,NA,NA,NA,NA,NA,NA,NA,NA,NA,NA,NA,NA,NA,NA,NA
Atherton,Atherton-1-1-1,log,log,eucalyptus,1,"original variable (not transformed prior to analysis - if transformed with link function in analysis, click this option)",NA,euc_sdlgs0_50cm,R_2EgAnNXZmEg7LoJ,ExoticPerennialGrass_cover,NA,0,generalised,standard,NA,NA,Season,Property,NA,NA,NA,NA,NA,NA,NA,NA,ExoticPerennialGrass_cover,NA,NA,NA,NA,NA,NA,NA,NA,NA,NA,NA,NA,NA,NA,NA,NA,NA,NA,NA,NA,NA,NA,NA,NA,NA,NA,NA,NA,NA,NA,NA,NA,NA,NA,NA,NA,NA,NA,NA,NA,NA,NA,NA,NA,NA,NA
Atherton,Atherton-2-2-1,log,log,eucalyptus,1,"original variable (not transformed prior to analysis - if transformed with link function in analysis, click this option)",NA,euc_sdlgs50cm_2m,R_2EgAnNXZmEg7LoJ,ExoticPerennialGrass_cover,NA,0,generalised,standard,NA,NA,Season,Property,NA,NA,NA,NA,NA,ExoticAnnualGrass_cover,NA,NA,ExoticPerennialGrass_cover,NA,NA,NA,NA,NA,NA,NA,NA,NA,NA,NA,NA,NA,NA,NA,NA,NA,NA,NA,NA,NA,NA,NA,NA,NA,NA,NA,NA,NA,NA,NA,NA,NA,NA,NA,NA,NA,NA,NA,NA,NA,NA,NA,NA,NA,NA
Balaklav,Balaklav-1-1-1,log,log,eucalyptus,0,"original variable (not transformed prior to analysis - if transformed with link function in analysis, click this option)",NA,euc_sdlgs0_50cm,R_2q46Az9oG9EuskN,NativePerennialGrass_cover,346,0,generalised,hurdle,NA,NA,NA,NA,NA,NA,NA,NA,NA,ExoticAnnualGrass_cover,NA,NA,NA,NA,NA,NativePerennialGrass_cover,NA,NA,NA,NA,Litter_cover,NA,NA,Euc_canopy_cover,Distance_to_Eucalypt_canopy(m),NA,NA,NA,annual_precipitation,NA,NA,NA,NA,K_perc,NA,NA,NA,NA,NA,NA,NA,NA,NA,NA,NA,NA,NA,NA,NA,NA,NA,NA,NA,NA,NA,NA,NA,NA,NA
Ballarat,Ballarat-1-1-1,log,log,eucalyptus,1,"original variable (not transformed prior to analysis - if transformed with link function in analysis, click this option)",NA,euc_sdlgs0_50cm,R_2qt4UsEXYCfKubj,NativePerennialGrass_cover,NA,0,generalised,standard,NA,NA,NA,Property,Quadrat no,NA,NA,NA,Landscape position,ExoticAnnualGrass_cover,NA,ExoticPerennialHerb_cover,ExoticPerennialGrass_cover,NA,NA,NativePerennialGrass_cover,NativePerennialHerb_cover,NA,NA,NA,NA,NA,NA,Euc_canopy_cover,Distance_to_Eucalypt_canopy(m),NA,NA,NA,NA,NA,NA,NA,NA,K_perc,Th_ppm,U_ppm,NA,NA,NA,NA,NA,NA,NA,NA,NA,bare,NA,NA,NA,NA,NA,NA,NA,NA,precip_max_range,NA,NA,NA,NA
Balmoral,Balmoral-1-1-1,log,log,eucalyptus,1,constructed variable (combining information from two or more original variables),"Sum of ""euc_sdlgs0_50cm"", ""euc_sdlgs50cm.2m"", and ""euc_sdlgs.2m""",euc_sdlgs_all,R_2RWagSaG4jPYGlh,ExoticPerennialGrass_cover,350,0,generalised,standard,NA,NA,Season,Property,NA,NA,NA,NA,NA,ExoticAnnualGrass_cover,NA,NA,ExoticPerennialGrass_cover,NA,NA,NativePerennialGrass_cover,NA,NA,NA,NA,NA,NA,NA,NA,NA,NA,NA,NA,NA,NA,NA,NA,NA,NA,NA,NA,NA,NA,NA,NA,NA,NA,NA,NA,NA,NA,NA,NA,NA,NA,NA,NA,NA,NA,NA,NA,NA,NA,NA
Bangalow,Bangalow-1-1-1,log,log,eucalyptus,1,"original variable (not transformed prior to analysis - if transformed with link function in analysis, click this option)",NA,euc_sdlgs0_50cm,R_2tLsM42vnTf9wX6,all_grass,NA,0,generalised,standard,NA,NA,Season,Property,Quadrat no,NA,NA,NA,Landscape position,NA,NA,NA,NA,NA,NA,NA,NA,NA,NA,NA,NA,NA,NA,NA,Distance_to_Eucalypt_canopy(m),NA,NA,NA,annual_precipitation,NA,NA,NA,NA,NA,NA,NA,NA,NA,all_grass,NA,NA,NA,NA,NA,NA,NA,NA,NA,NA,NA,NA,NA,NA,NA,NA,NA,NA,NA,NA
Bangalow,Bangalow-2-2-1,log,log,eucalyptus,1,"original variable (not transformed prior to analysis - if transformed with link function in analysis, click this option)",NA,euc_sdlgs0_50cm,R_2tLsM42vnTf9wX6,NativePerennialGrass_cover,NA,0,generalised,standard,NA,NA,Season,Property,Quadrat no,NA,NA,NA,Landscape position,ExoticAnnualGrass_cover,NA,NA,ExoticPerennialGrass_cover,NA,NA,NativePerennialGrass_cover,NA,NA,NA,NA,NA,NA,NA,NA,Distance_to_Eucalypt_canopy(m),NA,NA,NA,annual_precipitation,NA,NA,NA,NA,NA,NA,NA,NA,NA,NA,NA,NA,NA,NA,NA,NA,NA,NA,NA,NA,NA,NA,NA,NA,NA,NA,NA,NA,NA,NA
Bangalow,Bangalow-3-3-1,log,log,eucalyptus,1,"original variable (not transformed prior to analysis - if transformed with link function in analysis, click this option)",NA,euc_sdlgs50cm_2m,R_2tLsM42vnTf9wX6,all_grass,NA,0,generalised,standard,NA,NA,Season,Property,Quadrat no,NA,NA,NA,Landscape position,NA,NA,NA,NA,NA,NA,NA,NA,NA,NA,NA,NA,NA,NA,NA,Distance_to_Eucalypt_canopy(m),NA,NA,NA,annual_precipitation,NA,NA,NA,NA,NA,NA,NA,NA,NA,all_grass,NA,NA,NA,NA,NA,NA,NA,NA,NA,NA,NA,NA,NA,NA,NA,NA,NA,NA,NA,NA
Bangalow,Bangalow-4-4-1,log,log,eucalyptus,1,"original variable (not transformed prior to analysis - if transformed with link function in analysis, click this option)",NA,euc_sdlgs50cm_2m,R_2tLsM42vnTf9wX6,NA,NA,0,generalised,standard,NA,NA,Season,Property,Quadrat no,NA,NA,NA,Landscape position,ExoticAnnualGrass_cover,NA,NA,ExoticPerennialGrass_cover,NA,NA,NativePerennialGrass_cover,NA,NA,NA,NA,NA,NA,NA,NA,Distance_to_Eucalypt_canopy(m),NA,euc_sdlgs50cm-2m,NA,annual_precipitation,NA,NA,NA,NA,NA,NA,NA,NA,NA,NA,NA,NA,NA,NA,NA,NA,NA,NA,NA,NA,NA,NA,NA,NA,NA,NA,NA,NA,NA,NA
Barellan,Barellan-1-1-1,log,log,eucalyptus,1,"original variable (not transformed prior to analysis - if transformed with link function in analysis, click this option)",NA,euc_sdlgs0_50cm,R_2Uf2SxOynEElDZN,NA,346,0,NA,standard,SurveyID,NA,Season,Property,NA,NA,NA,Aspect,NA,ExoticAnnualGrass_cover,ExoticAnnualHerb_cover,ExoticPerennialHerb_cover,ExoticPerennialGrass_cover,ExoticShrub_cover,NativePerennialFern_cover,NativePerennialGrass_cover,NativePerennialHerb_cover,NativePerennialGraminoid_cover,NativeShrub_cover,BareGround_cover,Litter_cover,MossLichen_cover,Rock_cover,Euc_canopy_cover,Distance_to_Eucalypt_canopy(m),euc_sdlgs0_50cm,euc_sdlgs50cm-2m,euc_sdlgs>2m,annual_precipitation,precipitation_warmest_quarter,precipitation_coldest_quarter,PET,MrVBF,K_perc,Th_ppm,U_ppm,SRad_Jan,SRad_Jul,NA,NA,NA,NA,NA,NA,NA,NA,NA,NA,NA,NA,NA,NA,NA,NA,NA,NA,NA,NA,NA
Batchelo,Batchelo-1-1-1,log,log,eucalyptus,0,constructed variable (combining information from two or more original variables),"euc_sdlgs.2m, euc_sdlgs0_50cm, euc_sdlgs50cm.2m",euc_sdlgs_all,R_2V7qaLEfdbgUGg3,all_grass,NA,0,linear,standard,NA,NA,NA,NA,NA,NA,NA,NA,NA,NA,NA,NA,NA,NA,NA,NA,NA,NA,NA,NA,NA,NA,NA,NA,NA,NA,NA,NA,NA,NA,NA,NA,NA,NA,NA,NA,NA,NA,all_grass,NA,NA,NA,NA,NA,NA,NA,NA,NA,NA,NA,NA,NA,NA,NA,NA,NA,NA,NA,NA
Batchelo,Batchelo-2-2-1,NA,NA,eucalyptus,0,original variable (transformed prior to analysis [not with a link function in analysis]),NA,NA,R_2V7qaLEfdbgUGg3,NA,NA,0,linear,standard,NA,NA,NA,NA,NA,NA,NA,NA,NA,ExoticAnnualGrass_cover,NA,NA,ExoticPerennialGrass_cover,NA,NA,NativePerennialGrass_cover,NA,NA,NA,NA,NA,NA,NA,NA,NA,euc_sdlgs0_50cm,euc_sdlgs50cm-2m,euc_sdlgs>2m,NA,NA,NA,NA,NA,NA,NA,NA,NA,NA,NA,NA,NA,NA,NA,NA,NA,NA,NA,NA,NA,NA,NA,NA,NA,NA,NA,NA,NA,NA,NA
Bathurst,Bathurst-1-1-1,log,log,eucalyptus,1,constructed variable (combining information from two or more original variables),"The constructed variable 'euc_stem' was created by summing the different counts for eucalyptus stems: 'euc_sdlgs0_50cm', 'euc_sdlgs50cm-2m', 'euc_sdlgs>2m'. This should be the same as 'total_seedlings (temp)' in the new data set provided.",euc_sdlgs_all,R_2YQeDDkUPqS56ew,all_grass,345,0,generalised,standard,NA,NA,Season,Property,Quadrat no,NA,NA,NA,Landscape position,NA,NA,NA,NA,NA,NA,NA,NA,NA,NA,NA,Litter_cover,NA,NA,NA,Distance_to_Eucalypt_canopy(m),NA,NA,NA,NA,NA,NA,PET,NA,K_perc,NA,NA,NA,NA,all_grass,NA,NA,all_non-grass_veg,NA,NA,NA,NA,NA,NA,NA,NA,NA,NA,NA,NA,NA,NA,NA,NA,NA
Beachpor,Beachpor-1-1-1,identity,identity,eucalyptus,1,"original variable (not transformed prior to analysis - if transformed with link function in analysis, click this option)",NA,euc_sdlgs0_50cm,R_2zj7U8UJE7GgEYS,ExoticAnnualGrass_cover,348,0,linear,standard,NA,NA,Season,NA,NA,Easting,Northing,NA,NA,ExoticAnnualGrass_cover,NA,NA,ExoticPerennialGrass_cover,NA,NA,NativePerennialGrass_cover,NA,NA,NA,NA,NA,NA,NA,Euc_canopy_cover,NA,NA,euc_sdlgs50cm-2m,NA,NA,NA,NA,NA,MrVBF,NA,NA,NA,NA,NA,NA,NA,NA,NA,NA,NA,NA,NA,NA,NA,NA,NA,NA,NA,NA,NA,NA,NA,NA,NA,NA
Beachpor,Beachpor-1-1-2,identity,identity,eucalyptus,1,"original variable (not transformed prior to analysis - if transformed with link function in analysis, click this option)",NA,euc_sdlgs0_50cm,R_2zj7U8UJE7GgEYS,ExoticPerennialGrass_cover,348,0,linear,standard,NA,NA,Season,NA,NA,Easting,Northing,NA,NA,ExoticAnnualGrass_cover,NA,NA,ExoticPerennialGrass_cover,NA,NA,NativePerennialGrass_cover,NA,NA,NA,NA,NA,NA,NA,Euc_canopy_cover,NA,NA,euc_sdlgs50cm-2m,NA,NA,NA,NA,NA,MrVBF,NA,NA,NA,NA,NA,NA,NA,NA,NA,NA,NA,NA,NA,NA,NA,NA,NA,NA,NA,NA,NA,NA,NA,NA,NA,NA
Beachpor,Beachpor-1-1-3,identity,identity,eucalyptus,1,"original variable (not transformed prior to analysis - if transformed with link function in analysis, click this option)",NA,euc_sdlgs0_50cm,R_2zj7U8UJE7GgEYS,NativePerennialGrass_cover,348,0,linear,standard,NA,NA,Season,NA,NA,Easting,Northing,NA,NA,ExoticAnnualGrass_cover,NA,NA,ExoticPerennialGrass_cover,NA,NA,NativePerennialGrass_cover,NA,NA,NA,NA,NA,NA,NA,Euc_canopy_cover,NA,NA,euc_sdlgs50cm-2m,NA,NA,NA,NA,NA,MrVBF,NA,NA,NA,NA,NA,NA,NA,NA,NA,NA,NA,NA,NA,NA,NA,NA,NA,NA,NA,NA,NA,NA,NA,NA,NA,NA
Beachpor,Beachpor-2-2-1,identity,identity,eucalyptus,1,"original variable (not transformed prior to analysis - if transformed with link function in analysis, click this option)",NA,euc_sdlgs50cm_2m,R_2zj7U8UJE7GgEYS,ExoticAnnualGrass_cover,348,0,linear,standard,NA,NA,Season,NA,NA,Easting,Northing,NA,NA,ExoticAnnualGrass_cover,ExoticAnnualHerb_cover,ExoticPerennialHerb_cover,ExoticPerennialGrass_cover,ExoticShrub_cover,NativePerennialFern_cover,NativePerennialGrass_cover,NA,NativePerennialGraminoid_cover,NativeShrub_cover,NA,NA,NA,NA,Euc_canopy_cover,NA,euc_sdlgs0_50cm,NA,NA,NA,NA,NA,NA,MrVBF,K_perc,Th_ppm,U_ppm,NA,NA,NA,NA,NA,NA,NA,NA,NA,NA,NA,NA,NA,NA,NA,NA,NA,NA,NA,NA,NA,NA,NA
Beachpor,Beachpor-2-2-2,identity,identity,eucalyptus,1,"original variable (not transformed prior to analysis - if transformed with link function in analysis, click this option)",NA,euc_sdlgs50cm_2m,R_2zj7U8UJE7GgEYS,ExoticPerennialGrass_cover,348,0,linear,standard,NA,NA,Season,NA,NA,Easting,Northing,NA,NA,ExoticAnnualGrass_cover,ExoticAnnualHerb_cover,ExoticPerennialHerb_cover,ExoticPerennialGrass_cover,ExoticShrub_cover,NativePerennialFern_cover,NativePerennialGrass_cover,NA,NativePerennialGraminoid_cover,NativeShrub_cover,NA,NA,NA,NA,Euc_canopy_cover,NA,euc_sdlgs0_50cm,NA,NA,NA,NA,NA,NA,MrVBF,K_perc,Th_ppm,U_ppm,NA,NA,NA,NA,NA,NA,NA,NA,NA,NA,NA,NA,NA,NA,NA,NA,NA,NA,NA,NA,NA,NA,NA
Beachpor,Beachpor-2-2-3,identity,identity,eucalyptus,1,"original variable (not transformed prior to analysis - if transformed with link function in analysis, click this option)",NA,euc_sdlgs50cm_2m,R_2zj7U8UJE7GgEYS,NativePerennialGrass_cover,348,0,linear,standard,NA,NA,Season,NA,NA,Easting,Northing,NA,NA,ExoticAnnualGrass_cover,ExoticAnnualHerb_cover,ExoticPerennialHerb_cover,ExoticPerennialGrass_cover,ExoticShrub_cover,NativePerennialFern_cover,NativePerennialGrass_cover,NA,NativePerennialGraminoid_cover,NativeShrub_cover,NA,NA,NA,NA,Euc_canopy_cover,NA,euc_sdlgs0_50cm,NA,NA,NA,NA,NA,NA,MrVBF,K_perc,Th_ppm,U_ppm,NA,NA,NA,NA,NA,NA,NA,NA,NA,NA,NA,NA,NA,NA,NA,NA,NA,NA,NA,NA,NA,NA,NA
Beaufort,Beaufort-2-2-1,logit,logit,eucalyptus,1,constructed variable (combining information from two or more original variables),"1 if there is at least one seedling in the plot; 0 if no seedlings. using sdlgs_total, which was the sum of the counts in the three seedling size classes, the following code was used to generate this field: ifelse(sdlgs_total > 0, 1, 0)",NA,R_2zNKAmJcWbM4QtY,NA,NA,0,generalised,standard,NA,NA,Season,Property,NA,NA,NA,NA,NA,ExoticAnnualGrass_cover,ExoticAnnualHerb_cover,ExoticPerennialHerb_cover,ExoticPerennialGrass_cover,NA,NativePerennialFern_cover,NativePerennialGrass_cover,NativePerennialHerb_cover,NativePerennialGraminoid_cover,NA,NA,NA,NA,NA,Euc_canopy_cover,Distance_to_Eucalypt_canopy(m),NA,NA,NA,NA,NA,NA,NA,NA,NA,NA,NA,NA,NA,NA,NA,NA,NA,NA,NA,NA,NA,NA,NA,NA,NA,NA,NA,NA,NA,NA,NA,NA,NA,NA
Beaufort,Beaufort-1-1-1,log,log,eucalyptus,1,constructed variable (combining information from two or more original variables),"total count of seedlings in a quadrat, in all size classes: euc_sdlgs0_50cm + euc_sdlgs50cm.2m + euc_sdlgs.2m",NA,R_2zNKAmJcWbM4QtY,NA,NA,0,NA,standard,NA,NA,Season,Property,NA,NA,NA,NA,NA,ExoticAnnualGrass_cover,ExoticAnnualHerb_cover,ExoticPerennialHerb_cover,ExoticPerennialGrass_cover,NA,NativePerennialFern_cover,NativePerennialGrass_cover,NativePerennialHerb_cover,NativePerennialGraminoid_cover,NA,NA,NA,NA,NA,Euc_canopy_cover,Distance_to_Eucalypt_canopy(m),NA,NA,NA,NA,NA,NA,NA,NA,NA,NA,NA,NA,NA,NA,NA,NA,NA,NA,NA,NA,NA,NA,NA,NA,NA,NA,NA,NA,NA,NA,NA,NA,NA,NA
Belgrave,Belgrave-1-1-1,log,log,eucalyptus,1,"original variable (not transformed prior to analysis - if transformed with link function in analysis, click this option)",NA,euc_sdlgs0_50cm,R_2ZOi9HYfzNfJmKE,ExoticPerennialGrass_cover,260,0,generalised,standard,NA,NA,Season,Property,NA,NA,NA,NA,NA,ExoticAnnualGrass_cover,ExoticAnnualHerb_cover,NA,ExoticPerennialGrass_cover,NA,NA,NativePerennialGrass_cover,NA,NA,NA,NA,Litter_cover,MossLichen_cover,NA,Euc_canopy_cover,Distance_to_Eucalypt_canopy(m),NA,euc_sdlgs50cm-2m,euc_sdlgs>2m,NA,precipitation_warmest_quarter,NA,NA,MrVBF,NA,NA,NA,NA,NA,NA,NA,NA,NA,NA,NA,NA,NA,NA,NA,NA,NA,NA,NA,NA,NA,NA,NA,NA,NA,NA
Bencubbi,Bencubbi-1-1-1,log,log,eucalyptus,1,constructed variable (combining information from two or more original variables),total eucalyptus seedlings = euc_sdlgs0_50cm + euc_sdlgs50cm.2m + euc_sdlgs.2m,euc_sdlgs_all,R_2zSEWAYDs4K7SiK,all_grass,NA,0,generalised,standard,NA,NA,Season,Property,NA,NA,NA,NA,NA,NA,NA,NA,NA,NA,NA,NA,NA,NA,NA,NA,NA,NA,NA,NA,NA,NA,NA,NA,NA,NA,NA,NA,NA,NA,NA,NA,NA,NA,all_grass,NA,NA,NA,NA,NA,NA,NA,NA,NA,NA,NA,NA,NA,NA,NA,NA,NA,NA,NA,NA
Bermagui,Bermagui-1-3-1,log,log,eucalyptus,0,"original variable (not transformed prior to analysis - if transformed with link function in analysis, click this option)",NA,euc_sdlgs>2m,R_31tNDcbaXNaQp1y,ExoticAnnualGrass_cover,NA,0,generalised,standard,NA,NA,Season,NA,NA,NA,NA,NA,NA,ExoticAnnualGrass_cover,NA,NA,NA,NA,NA,NA,NA,NA,NA,NA,NA,NA,NA,NA,NA,NA,NA,NA,annual_precipitation,precipitation_warmest_quarter,NA,NA,NA,NA,NA,NA,NA,NA,NA,NA,NA,NA,NA,NA,NA,NA,NA,NA,NA,NA,NA,NA,NA,NA,NA,NA,NA,NA,sample
Bermagui,Bermagui-1-3-2,log,log,eucalyptus,0,"original variable (not transformed prior to analysis - if transformed with link function in analysis, click this option)",NA,euc_sdlgs>2m,R_31tNDcbaXNaQp1y,ExoticPerennialGrass_cover,NA,0,generalised,standard,NA,NA,Season,NA,NA,NA,NA,NA,NA,NA,NA,NA,ExoticPerennialGrass_cover,NA,NA,NA,NA,NA,NA,NA,NA,NA,NA,NA,NA,NA,NA,NA,annual_precipitation,precipitation_warmest_quarter,NA,NA,NA,NA,NA,NA,NA,NA,NA,NA,NA,NA,NA,NA,NA,NA,NA,NA,NA,NA,NA,NA,NA,NA,NA,NA,NA,NA,sample
Bermagui,Bermagui-1-3-3,log,log,eucalyptus,0,"original variable (not transformed prior to analysis - if transformed with link function in analysis, click this option)",NA,euc_sdlgs>2m,R_31tNDcbaXNaQp1y,NativePerennialGrass_cover,NA,0,generalised,standard,NA,NA,Season,NA,NA,NA,NA,NA,NA,NA,NA,NA,NA,NA,NA,NativePerennialGrass_cover,NA,NA,NA,NA,NA,NA,NA,NA,NA,NA,NA,NA,annual_precipitation,precipitation_warmest_quarter,NA,NA,NA,NA,NA,NA,NA,NA,NA,NA,NA,NA,NA,NA,NA,NA,NA,NA,NA,NA,NA,NA,NA,NA,NA,NA,NA,NA,sample
Bermagui,Bermagui-1-1-1,log,log,eucalyptus,0,"original variable (not transformed prior to analysis - if transformed with link function in analysis, click this option)",NA,euc_sdlgs0_50cm,R_31tNDcbaXNaQp1y,ExoticAnnualGrass_cover,NA,0,generalised,standard,NA,NA,Season,NA,NA,NA,Northing,NA,NA,ExoticAnnualGrass_cover,ExoticAnnualHerb_cover,NA,NA,NA,NA,NA,NA,NA,NA,BareGround_cover,NA,NA,NA,NA,NA,NA,NA,NA,NA,NA,NA,NA,MrVBF,NA,NA,NA,NA,NA,NA,NA,NA,NA,NA,NA,NA,NA,NA,NA,NA,NA,NA,NA,NA,NA,NA,NA,NA,NA,sample
Bermagui,Bermagui-1-1-2,log,log,eucalyptus,0,"original variable (not transformed prior to analysis - if transformed with link function in analysis, click this option)",NA,euc_sdlgs0_50cm,R_31tNDcbaXNaQp1y,ExoticPerennialGrass_cover,NA,0,generalised,standard,NA,NA,Season,NA,NA,NA,Northing,NA,NA,NA,ExoticAnnualHerb_cover,NA,ExoticPerennialGrass_cover,NA,NA,NA,NA,NA,NA,BareGround_cover,NA,NA,NA,NA,NA,NA,NA,NA,NA,NA,NA,NA,MrVBF,NA,NA,NA,NA,NA,NA,NA,NA,NA,NA,NA,NA,NA,NA,NA,NA,NA,NA,NA,NA,NA,NA,NA,NA,NA,sample
Bermagui,Bermagui-1-1-3,log,log,eucalyptus,0,"original variable (not transformed prior to analysis - if transformed with link function in analysis, click this option)",NA,euc_sdlgs0_50cm,R_31tNDcbaXNaQp1y,NativePerennialGrass_cover,NA,0,generalised,standard,NA,NA,Season,NA,NA,NA,Northing,NA,NA,NA,ExoticAnnualHerb_cover,NA,NA,NA,NA,NativePerennialGrass_cover,NA,NA,NA,BareGround_cover,NA,NA,NA,NA,NA,NA,NA,NA,NA,NA,NA,NA,MrVBF,NA,NA,NA,NA,NA,NA,NA,NA,NA,NA,NA,NA,NA,NA,NA,NA,NA,NA,NA,NA,NA,NA,NA,NA,NA,sample
Bermagui,Bermagui-1-2-1,log,log,eucalyptus,0,"original variable (not transformed prior to analysis - if transformed with link function in analysis, click this option)",NA,euc_sdlgs50cm_2m,R_31tNDcbaXNaQp1y,ExoticAnnualGrass_cover,NA,0,generalised,standard,NA,NA,Season,NA,NA,NA,NA,NA,NA,ExoticAnnualGrass_cover,NA,NA,NA,NA,NA,NA,NA,NA,NA,NA,NA,NA,NA,NA,Distance_to_Eucalypt_canopy(m),NA,NA,NA,annual_precipitation,NA,NA,NA,MrVBF,K_perc,NA,NA,NA,NA,NA,NA,NA,NA,NA,NA,NA,NA,NA,NA,NA,NA,NA,NA,NA,NA,NA,NA,NA,NA,sample
Bermagui,Bermagui-1-2-2,log,log,eucalyptus,0,"original variable (not transformed prior to analysis - if transformed with link function in analysis, click this option)",NA,euc_sdlgs50cm_2m,R_31tNDcbaXNaQp1y,ExoticPerennialGrass_cover,NA,0,generalised,standard,NA,NA,Season,NA,NA,NA,NA,NA,NA,NA,NA,NA,ExoticPerennialGrass_cover,NA,NA,NA,NA,NA,NA,NA,NA,NA,NA,NA,Distance_to_Eucalypt_canopy(m),NA,NA,NA,annual_precipitation,NA,NA,NA,MrVBF,K_perc,NA,NA,NA,NA,NA,NA,NA,NA,NA,NA,NA,NA,NA,NA,NA,NA,NA,NA,NA,NA,NA,NA,NA,NA,sample
Bermagui,Bermagui-1-2-3,log,log,eucalyptus,0,"original variable (not transformed prior to analysis - if transformed with link function in analysis, click this option)",NA,euc_sdlgs50cm_2m,R_31tNDcbaXNaQp1y,NativePerennialGrass_cover,NA,0,generalised,standard,NA,NA,Season,NA,NA,NA,NA,NA,NA,NA,NA,NA,NA,NA,NA,NativePerennialGrass_cover,NA,NA,NA,NA,NA,NA,NA,NA,Distance_to_Eucalypt_canopy(m),NA,NA,NA,annual_precipitation,NA,NA,NA,MrVBF,K_perc,NA,NA,NA,NA,NA,NA,NA,NA,NA,NA,NA,NA,NA,NA,NA,NA,NA,NA,NA,NA,NA,NA,NA,NA,sample
Berrigan,Berrigan-1-1-1,log,log,eucalyptus,0,constructed variable (combining information from two or more original variables),"additive combinations of euc_sdlgs0_50cm, euc_sdlgs50cm.2m, euc_sdlgs.2m",euc_sdlgs_all,R_3D10yCylth7wFPg,ExoticPerennialGrass_cover,350,0,generalised,standard,NA,NA,NA,NA,NA,NA,NA,NA,NA,NA,NA,NA,NA,NA,NA,NA,NA,NA,NA,NA,NA,NA,NA,NA,NA,NA,NA,NA,NA,NA,NA,NA,NA,NA,NA,NA,NA,NA,all_grass,NA,NA,NA,NA,NA,NA,NA,NA,NA,NA,NA,NA,NA,NA,NA,NA,NA,NA,NA,NA
Binalong,Binalong-2-2-1,NA,NA,eucalyptus,0,constructed variable (combining information from two or more original variables),see above (sum),NA,R_3dYDpQUfDUXjtDy,NA,NA,0,generalised,PCA,NA,NA,Season,NA,NA,NA,NA,NA,NA,ExoticAnnualGrass_cover,ExoticAnnualHerb_cover,ExoticPerennialHerb_cover,ExoticPerennialGrass_cover,ExoticShrub_cover,NativePerennialFern_cover,NativePerennialGrass_cover,NativePerennialHerb_cover,NativePerennialGraminoid_cover,NativeShrub_cover,NA,NA,MossLichen_cover,NA,NA,NA,euc_sdlgs0_50cm,euc_sdlgs50cm-2m,euc_sdlgs>2m,annual_precipitation,precipitation_warmest_quarter,precipitation_coldest_quarter,PET,NA,K_perc,Th_ppm,U_ppm,SRad_Jan,SRad_Jul,NA,NA,NA,NA,NA,NA,NA,NA,NA,NA,NA,NA,NA,NA,NA,NA,NA,NA,NA,NA,NA
Binalong,Binalong-1-1-1,NA,NA,eucalyptus,0,constructed variable (combining information from two or more original variables),"tab$euca_PA<-ifelse(rowSums(tab[,26:28])==0,0,1)# Row sums of the 3 seedling level:Presence/abscence",NA,R_3dYDpQUfDUXjtDy,NA,NA,0,generalised,PCA,NA,NA,Season,NA,NA,NA,NA,NA,NA,ExoticAnnualGrass_cover,ExoticAnnualHerb_cover,ExoticPerennialHerb_cover,ExoticPerennialGrass_cover,ExoticShrub_cover,NativePerennialFern_cover,NativePerennialGrass_cover,NativePerennialHerb_cover,NativePerennialGraminoid_cover,NativeShrub_cover,NA,NA,MossLichen_cover,NA,NA,NA,euc_sdlgs0_50cm,euc_sdlgs50cm-2m,euc_sdlgs>2m,annual_precipitation,precipitation_warmest_quarter,precipitation_coldest_quarter,PET,NA,K_perc,Th_ppm,U_ppm,SRad_Jan,SRad_Jul,NA,NA,NA,NA,NA,NA,NA,NA,NA,NA,NA,NA,NA,NA,NA,NA,NA,NA,NA,NA,NA
Binnaway,Binnaway-1-1-1,logit,logit,eucalyptus,1,constructed variable (combining information from two or more original variables),"wd$zero<-as.logical(wd$total_seeds, wd$total_seeds!=0) - analysis was a hurdle model since there were no seedlings in the new_ecu_data only predictions for the first model were generated",NA,R_3EbbZxcQ3gctVZu,NA,NA,0,NA,hurdle,NA,NA,NA,NA,NA,NA,NA,NA,NA,NA,NA,NA,NA,NA,NA,NA,NA,NA,NA,NA,NA,NA,NA,NA,NA,NA,NA,NA,NA,NA,NA,NA,NA,NA,NA,NA,NA,NA,NA,NA,NA,NA,NA,NA,NA,NA,NA,NA,NA,NA,NA,NA,NA,NA,NA,NA,NA,NA,NA
Blackall,Blackall-1-1-1,back.transformed,log,eucalyptus,1,"original variable (not transformed prior to analysis - if transformed with link function in analysis, click this option)",NA,euc_sdlgs0_50cm,R_3EoS37IOWKLRxDV,ExoticAnnualGrass_cover,NA,1,generalised,standard,NA,NA,Season,Property,Quadrat no,NA,NA,NA,NA,ExoticAnnualGrass_cover,NA,NA,ExoticPerennialGrass_cover,NA,NA,NativePerennialGrass_cover,NA,NativePerennialGraminoid_cover,NA,NA,NA,NA,NA,NA,Distance_to_Eucalypt_canopy(m),NA,NA,NA,NA,NA,NA,NA,NA,NA,NA,NA,NA,NA,NA,NA,NA,NA,NA,NA,NA,NA,NA,NA,NA,NA,NA,NA,NA,NA,NA,year,size_class,NA,NA
Boggabri,Boggabri-1-1-1,log,log,eucalyptus,1,"original variable (not transformed prior to analysis - if transformed with link function in analysis, click this option)",NA,euc_sdlgs0_50cm,R_3eta2uFp1DLnGVJ,ExoticPerennialGrass_cover,350,0,generalised,standard,NA,NA,NA,Property,NA,NA,NA,NA,NA,ExoticAnnualGrass_cover,NA,NA,ExoticPerennialGrass_cover,NA,NA,NativePerennialGrass_cover,NA,NA,NA,NA,NA,NA,NA,NA,NA,NA,NA,NA,NA,NA,NA,NA,NA,NA,NA,NA,NA,NA,NA,NA,NA,NA,NA,NA,NA,NA,NA,NA,NA,NA,NA,NA,NA,NA,NA,NA,NA,NA,NA
Booligal,Booligal-3-3-1,logit,logit,eucalyptus,0,constructed variable (combining information from two or more original variables),"I used the original variables: ""euc_sdlgs0_50cm"", ""euc_sdlgs_50cm_2m"", ""euc_sdlgs_2m"". For each property-season combination, I calculated the proportion of plots containing at least one seedling. I then averaged across seasons within each property.",average.proportion.of.plots.containing.at.least.one.euc.seedling.of.any.size,R_3EYx3CfuTZ7YNmF,all_exotic_grass,18,0,generalised,standard,NA,NA,NA,NA,NA,NA,NA,NA,NA,NA,NA,NA,NA,NA,NA,NA,NA,NA,NA,NA,NA,NA,NA,NA,NA,NA,NA,NA,NA,NA,NA,NA,NA,NA,NA,NA,NA,NA,NA,all_exotic_grass,NA,NA,NA,NA,NA,NA,NA,NA,NA,NA,NA,NA,NA,NA,NA,NA,NA,NA,NA
Booligal,Booligal-2-2-1,logit,logit,eucalyptus,0,constructed variable (combining information from two or more original variables),"I used the original variables: ""euc_sdlgs0_50cm"", ""euc_sdlgs_50cm_2m"", ""euc_sdlgs_2m"". For each property-season combination, I calculated the proportion of plots containing at least one seedling. I then averaged across seasons within each property.",average.proportion.of.plots.containing.at.least.one.euc.seedling.of.any.size,R_3EYx3CfuTZ7YNmF,all_grass,18,0,generalised,standard,NA,NA,NA,NA,NA,NA,NA,NA,NA,NA,NA,NA,NA,NA,NA,NA,NA,NA,NA,NA,NA,NA,NA,NA,NA,NA,NA,NA,NA,NA,NA,NA,NA,NA,NA,NA,NA,NA,all_grass,NA,NA,NA,NA,NA,NA,NA,NA,NA,NA,NA,NA,NA,NA,NA,NA,NA,NA,NA,NA
Booligal,Booligal-4-4-1,logit,logit,eucalyptus,0,constructed variable (combining information from two or more original variables),"I used the original variables: ""euc_sdlgs0_50cm"", ""euc_sdlgs_50cm_2m"", ""euc_sdlgs_2m"". For each property-season combination, I calculated the proportion of plots containing at least one seedling. I then averaged across seasons within each property.",average.proportion.of.plots.containing.at.least.one.euc.seedling.of.any.size,R_3EYx3CfuTZ7YNmF,all_native_grass_graminoid,18,0,generalised,standard,NA,NA,NA,NA,NA,NA,NA,NA,NA,NA,NA,NA,NA,NA,NA,NA,NA,NA,NA,NA,NA,NA,NA,NA,NA,NA,NA,NA,NA,NA,NA,NA,NA,NA,NA,NA,NA,NA,NA,NA,all_native_grass_graminoid,NA,NA,NA,NA,NA,NA,NA,NA,NA,NA,NA,NA,NA,NA,NA,NA,NA,NA
Booligal,Booligal-1-1-1,logit,logit,eucalyptus,0,constructed variable (combining information from two or more original variables),"I used the variables: ""euc_sdlgs0_50cm"", ""euc_sdlgs_50cm_2m"", ""euc_sdlgs_2m"" from the original dataset. For each property-season combination, I calculated the proportion of plots containing at least one seedling. I then averaged this value over seasons within each property.",NA,R_3EYx3CfuTZ7YNmF,NA,NA,0,generalised,standard,NA,NA,Season,Property,NA,NA,NA,NA,NA,NA,NA,NA,NA,NA,NA,NA,NA,NA,NA,NA,NA,NA,NA,NA,NA,euc_sdlgs0_50cm,euc_sdlgs50cm-2m,euc_sdlgs>2m,NA,NA,NA,NA,NA,NA,NA,NA,NA,NA,NA,NA,NA,NA,NA,NA,NA,NA,NA,NA,NA,NA,NA,NA,NA,NA,NA,NA,NA,NA,NA
Booligal,Booligal-5-5-1,NA,NA,eucalyptus,0,constructed variable (combining information from two or more original variables),"I used the original variables: ""euc_sdlgs0_50cm"", ""euc_sdlgs_50cm_2m"", ""euc_sdlgs_2m"". For each property-season combination, I calculated the proportion of plots containing at least one seedling. I then averaged across seasons within each property.",average.proportion.of.plots.containing.at.least.one.euc.seedling.of.any.size,R_3EYx3CfuTZ7YNmF,all_grass,18,1,linear,quantile_regression,NA,NA,NA,NA,NA,NA,NA,NA,NA,NA,NA,NA,NA,NA,NA,NA,NA,NA,NA,NA,NA,NA,NA,NA,NA,NA,NA,NA,NA,NA,NA,NA,NA,NA,NA,NA,NA,NA,all_grass,NA,NA,NA,NA,NA,NA,NA,NA,NA,NA,NA,NA,NA,NA,NA,NA,NA,NA,NA,NA
Bothwell,Bothwell-1-1-1,log,log,eucalyptus,1,constructed variable (combining information from two or more original variables),"sum of euc_sdlgs0_50cm, euc_sdlgs50cm-2m, euc_sdlgs>2m",euc_sdlgs_all,R_3fqsqu3iZPZDV4J,all_grass,NA,0,generalised,zero_inflated,NA,NA,Season,NA,NA,Easting,NA,NA,Landscape position,NA,NA,ExoticPerennialHerb_cover,NA,NA,NA,NativePerennialGrass_cover,NA,NativePerennialGraminoid_cover,NA,NA,NA,NA,NA,NA,Distance_to_Eucalypt_canopy(m),NA,NA,NA,NA,NA,NA,PET,MrVBF,NA,Th_ppm,U_ppm,NA,NA,NA,NA,NA,NA,NA,NA,NA,NA,NA,NA,NA,NA,NA,NA,NA,NA,NA,NA,NA,NA,NA
Bothwell,Bothwell-2-2-1,log,log,eucalyptus,1,constructed variable (combining information from two or more original variables),NA,euc_sdlgs_all,R_3fqsqu3iZPZDV4J,all_grass,NA,0,generalised,zero_inflated,NA,NA,Season,NA,NA,Easting,NA,NA,Landscape position,NA,NA,ExoticPerennialHerb_cover,NA,NA,NA,NativePerennialGrass_cover,NA,NativePerennialGraminoid_cover,NA,NA,NA,NA,NA,NA,Distance_to_Eucalypt_canopy(m),NA,NA,NA,NA,NA,NA,PET,MrVBF,NA,Th_ppm,U_ppm,NA,NA,NA,NA,NA,NA,NA,NA,NA,NA,NA,NA,NA,NA,NA,NA,NA,NA,NA,NA,NA,NA,NA
Boydtown,Boydtown-3-3-1,log,log,eucalyptus,1,"original variable (not transformed prior to analysis - if transformed with link function in analysis, click this option)",NA,euc_sdlgs>2m,R_3GqVN6mfoOWe3Nz,ExoticAnnualGrass_cover,350,0,generalised,standard,NA,NA,Season,Property,NA,NA,NA,NA,NA,ExoticAnnualGrass_cover,NA,NA,NA,NA,NA,NA,NA,NA,NA,NA,NA,NA,NA,NA,NA,NA,NA,NA,NA,NA,NA,NA,NA,NA,NA,NA,NA,NA,NA,NA,NA,NA,NA,NA,NA,NA,NA,NA,NA,NA,NA,NA,NA,NA,NA,NA,NA,NA,NA
Boydtown,Boydtown-1-1-1,log,log,eucalyptus,1,"original variable (not transformed prior to analysis - if transformed with link function in analysis, click this option)",NA,euc_sdlgs0_50cm,R_3GqVN6mfoOWe3Nz,NativePerennialGrass_cover,350,0,generalised,standard,NA,NA,Season,Property,Quadrat no,NA,NA,NA,NA,ExoticAnnualGrass_cover,NA,NA,ExoticPerennialGrass_cover,NA,NA,NativePerennialGrass_cover,NA,NA,NA,NA,NA,NA,NA,NA,NA,NA,NA,NA,NA,NA,NA,NA,NA,NA,NA,NA,NA,NA,NA,NA,NA,NA,NA,NA,NA,NA,NA,NA,NA,NA,NA,NA,NA,NA,NA,NA,NA,NA,NA
Boydtown,Boydtown-2-2-1,log,log,eucalyptus,1,"original variable (not transformed prior to analysis - if transformed with link function in analysis, click this option)",NA,euc_sdlgs50cm_2m,R_3GqVN6mfoOWe3Nz,ExoticPerennialGrass_cover,350,0,generalised,standard,NA,NA,Season,Property,Quadrat no,NA,NA,NA,NA,NA,NA,NA,ExoticPerennialGrass_cover,NA,NA,NA,NA,NA,NA,NA,NA,NA,NA,NA,NA,NA,NA,NA,NA,NA,NA,NA,NA,NA,NA,NA,NA,NA,NA,NA,NA,NA,NA,NA,NA,NA,NA,NA,NA,NA,NA,NA,NA,NA,NA,NA,NA,NA,NA
Byrock,Byrock-3-10-1,log,log,eucalyptus,0,"original variable (not transformed prior to analysis - if transformed with link function in analysis, click this option)",NA,euc_sdlgs>2m,R_3HzSBqQTAmJJ9ye,NativePerennialGrass_cover,350,0,generalised,standard,NA,NA,NA,NA,NA,NA,NA,NA,NA,ExoticAnnualGrass_cover,NA,NA,ExoticPerennialGrass_cover,NA,NA,NativePerennialGrass_cover,NA,NativePerennialGraminoid_cover,NA,NA,NA,NA,NA,NA,NA,NA,NA,NA,NA,NA,NA,NA,NA,NA,NA,NA,NA,NA,NA,NA,NA,NA,NA,NA,NA,NA,NA,NA,NA,NA,NA,NA,NA,NA,NA,NA,NA,NA,NA
Byrock,Byrock-1-8-1,log,log,eucalyptus,0,"original variable (not transformed prior to analysis - if transformed with link function in analysis, click this option)",NA,euc_sdlgs0_50cm,R_3HzSBqQTAmJJ9ye,NativePerennialGrass_cover,350,0,generalised,standard,NA,NA,NA,NA,NA,NA,NA,NA,NA,ExoticAnnualGrass_cover,NA,NA,ExoticPerennialGrass_cover,NA,NA,NativePerennialGrass_cover,NA,NativePerennialGraminoid_cover,NA,NA,NA,NA,NA,NA,NA,NA,NA,NA,NA,NA,NA,NA,NA,NA,NA,NA,NA,NA,NA,NA,NA,NA,NA,NA,NA,NA,NA,NA,NA,NA,NA,NA,NA,NA,NA,NA,NA,NA,NA
Byrock,Byrock-2-9-1,log,log,eucalyptus,0,"original variable (not transformed prior to analysis - if transformed with link function in analysis, click this option)",NA,euc_sdlgs50cm_2m,R_3HzSBqQTAmJJ9ye,NativePerennialGrass_cover,350,0,generalised,standard,NA,NA,NA,NA,NA,NA,NA,NA,NA,ExoticAnnualGrass_cover,NA,NA,ExoticPerennialGrass_cover,NA,NA,NativePerennialGrass_cover,NA,NativePerennialGraminoid_cover,NA,NA,NA,NA,NA,NA,NA,NA,NA,NA,NA,NA,NA,NA,NA,NA,NA,NA,NA,NA,NA,NA,NA,NA,NA,NA,NA,NA,NA,NA,NA,NA,NA,NA,NA,NA,NA,NA,NA,NA,NA
Branxton,Branxton-1-1-1,log,log,eucalyptus,1,"original variable (not transformed prior to analysis - if transformed with link function in analysis, click this option)",NA,euc_sdlgs0_50cm,R_3Kvy0h01LXHWniT,ExoticPerennialGrass_cover,NA,0,generalised,standard,NA,NA,Season,Property,NA,NA,NA,NA,NA,NA,NA,NA,ExoticPerennialGrass_cover,NA,NA,NA,NativePerennialHerb_cover,NA,NA,NA,NA,MossLichen_cover,Rock_cover,Euc_canopy_cover,Distance_to_Eucalypt_canopy(m),NA,NA,NA,NA,NA,NA,NA,NA,NA,Th_ppm,U_ppm,NA,NA,NA,NA,NA,NA,NA,NA,NA,NA,NA,NA,NA,NA,NA,NA,NA,NA,NA,NA,NA,NA,NA
Branxton,Branxton-2-2-1,NA,NA,eucalyptus,1,"original variable (not transformed prior to analysis - if transformed with link function in analysis, click this option)",NA,euc_sdlgs50cm_2m,R_3Kvy0h01LXHWniT,NA,NA,0,generalised,standard,NA,NA,Season,Property,NA,NA,NA,NA,NA,NA,ExoticAnnualHerb_cover,NA,ExoticPerennialGrass_cover,NA,NA,NA,NA,NA,NA,BareGround_cover,NA,MossLichen_cover,NA,NA,Distance_to_Eucalypt_canopy(m),NA,euc_sdlgs50cm-2m,NA,NA,NA,NA,NA,NA,K_perc,Th_ppm,NA,NA,NA,NA,NA,NA,NA,NA,NA,NA,NA,NA,NA,NA,NA,NA,NA,NA,NA,NA,NA,NA,NA,NA
Bridport,Bridport-1-1-1,log,log,eucalyptus,1,constructed variable (combining information from two or more original variables),summed all three categories of seedlings,euc_sdlgs_all,R_3L6k5TOvZ4731Dk,all_exotic_grass,350,1,generalised,standard,NA,NA,Season,Property,NA,NA,NA,NA,NA,NA,NA,NA,NA,NA,NA,NA,NA,NA,NA,NA,NA,NA,NA,NA,NA,NA,NA,NA,NA,NA,NA,NA,NA,NA,NA,NA,NA,NA,NA,all_exotic_grass,all_native_grass_graminoid,NA,NA,NA,NA,NA,NA,NA,NA,NA,NA,NA,NA,NA,NA,NA,NA,NA,NA
Brighton,Brighton-1-1-3,log,log,eucalyptus,1,"original variable (not transformed prior to analysis - if transformed with link function in analysis, click this option)",NA,euc_sdlgs>2m,R_3mfyhAj6rakbi5b,all_grass,NA,0,generalised,standard,NA,NA,Season,Property,NA,NA,NA,NA,NA,NA,NA,NA,NA,NA,NA,NA,NA,NA,NA,NA,NA,NA,NA,Euc_canopy_cover,NA,NA,NA,NA,NA,NA,NA,NA,NA,NA,NA,NA,NA,NA,all_grass,NA,NA,NA,shrub_cover,herb_cover,other_veg,bare,NA,NA,NA,NA,NA,NA,NA,NA,NA,NA,NA,NA,NA
Brighton,Brighton-1-1-1,log,log,eucalyptus,1,"original variable (not transformed prior to analysis - if transformed with link function in analysis, click this option)",NA,euc_sdlgs0_50cm,R_3mfyhAj6rakbi5b,all_grass,NA,0,generalised,standard,NA,NA,Season,Property,NA,NA,NA,NA,NA,NA,NA,NA,NA,NA,NA,NA,NA,NA,NA,NA,NA,NA,NA,Euc_canopy_cover,NA,NA,NA,NA,NA,NA,NA,NA,NA,NA,NA,NA,NA,NA,all_grass,NA,NA,NA,shrub_cover,herb_cover,other_veg,bare,NA,NA,NA,NA,NA,NA,NA,NA,NA,NA,NA,NA,NA
Brighton,Brighton-1-1-2,log,log,eucalyptus,1,"original variable (not transformed prior to analysis - if transformed with link function in analysis, click this option)",NA,euc_sdlgs50cm_2m,R_3mfyhAj6rakbi5b,all_grass,NA,0,generalised,standard,NA,NA,Season,Property,NA,NA,NA,NA,NA,NA,NA,NA,NA,NA,NA,NA,NA,NA,NA,NA,NA,NA,NA,Euc_canopy_cover,NA,NA,NA,NA,NA,NA,NA,NA,NA,NA,NA,NA,NA,NA,all_grass,NA,NA,NA,shrub_cover,herb_cover,other_veg,bare,NA,NA,NA,NA,NA,NA,NA,NA,NA,NA,NA,NA,NA
Brooklyn,Brooklyn-2-2-1,log,log,eucalyptus,0,"original variable (not transformed prior to analysis - if transformed with link function in analysis, click this option)",NA,euc_sdlgs0_50cm,R_3NHVKFiOiQBfX9b,all_grass,117,0,generalised,standard,NA,NA,NA,NA,NA,NA,NA,NA,NA,NA,NA,NA,NA,NA,NA,NA,NA,NA,NA,NA,NA,NA,NA,NA,NA,NA,NA,NA,NA,NA,NA,NA,NA,NA,NA,NA,NA,NA,all_grass,NA,NA,NA,NA,NA,NA,NA,NA,NA,NA,NA,NA,NA,NA,NA,NA,NA,NA,NA,NA
Brooklyn,Brooklyn-1-1-1,log,log,eucalyptus,0,"original variable (not transformed prior to analysis - if transformed with link function in analysis, click this option)",NA,euc_sdlgs0_50cm,R_3NHVKFiOiQBfX9b,all_grass,116,0,generalised,standard,NA,NA,NA,NA,NA,NA,NA,NA,NA,NA,NA,NA,NA,NA,NA,NA,NA,NA,NA,NA,NA,NA,NA,NA,NA,NA,NA,NA,NA,NA,NA,NA,NA,NA,NA,NA,NA,NA,all_grass,NA,NA,NA,NA,NA,NA,NA,NA,NA,NA,NA,NA,NA,NA,NA,NA,NA,NA,NA,NA
Brooklyn,Brooklyn-3-3-1,log,log,eucalyptus,0,"original variable (not transformed prior to analysis - if transformed with link function in analysis, click this option)",NA,euc_sdlgs0_50cm,R_3NHVKFiOiQBfX9b,all_grass,117,0,generalised,standard,NA,NA,NA,NA,NA,NA,NA,NA,NA,NA,NA,NA,NA,NA,NA,NA,NA,NA,NA,NA,NA,NA,NA,NA,NA,NA,NA,NA,NA,NA,NA,NA,NA,NA,NA,NA,NA,NA,all_grass,NA,NA,NA,NA,NA,NA,NA,NA,NA,NA,NA,NA,NA,NA,NA,NA,NA,NA,NA,NA
Buckland,Buckland-1-1-1,identity,identity,eucalyptus,1,constructed variable (combining information from two or more original variables),"I combined all three original size cohorts of eucalyptus seedlings (<0.5m, 0.5-2m, >2m) into one new total eucalyptus seedling variable",euc_sdlgs_all,R_3NKz8oHb8nvNIQR,all_grass,351,0,linear,zero_inflated,NA,NA,NA,Property,NA,NA,NA,NA,NA,NA,NA,NA,NA,NA,NA,NA,NA,NA,NA,NA,Litter_cover,NA,NA,Euc_canopy_cover,Distance_to_Eucalypt_canopy(m),NA,NA,NA,NA,NA,NA,PET,MrVBF,NA,NA,NA,NA,NA,all_grass,NA,NA,NA,NA,NA,NA,NA,NA,NA,NA,NA,NA,NA,NA,NA,NA,NA,NA,NA,NA
Bundarra,Bundarra-1-1-1,NA,NA,eucalyptus,0,constructed variable (combining information from two or more original variables),This variable was calculated as the total sum of seedlings for each statistical unit,euc_sdlgs_all,R_3OftgnLM9MoIwf8,NA,NA,0,generalised,zero_inflated,NA,NA,Season,NA,NA,NA,NA,NA,Landscape position,ExoticAnnualGrass_cover,ExoticAnnualHerb_cover,ExoticPerennialHerb_cover,ExoticPerennialGrass_cover,NA,NativePerennialFern_cover,NativePerennialGrass_cover,NativePerennialHerb_cover,NativePerennialGraminoid_cover,NA,NA,NA,NA,NA,Euc_canopy_cover,NA,euc_sdlgs0_50cm,euc_sdlgs50cm-2m,euc_sdlgs>2m,annual_precipitation,NA,NA,NA,NA,K_perc,Th_ppm,NA,SRad_Jan,NA,NA,NA,NA,NA,NA,NA,NA,NA,NA,NA,NA,NA,NA,NA,NA,NA,NA,NA,NA,NA,NA
Bundeena,Bundeena-1-6-1,log,log,eucalyptus,1,"original variable (not transformed prior to analysis - if transformed with link function in analysis, click this option)",NA,euc_sdlgs50cm_2m,R_3oWTTWWo1e8y3jB,ExoticPerennialGrass_cover,NA,0,generalised,standard,NA,NA,NA,Property,NA,NA,NA,NA,NA,NA,NA,NA,ExoticPerennialGrass_cover,NA,NA,NA,NA,NA,NA,NA,NA,NA,NA,Euc_canopy_cover,Distance_to_Eucalypt_canopy(m),NA,NA,NA,NA,NA,NA,NA,MrVBF,K_perc,Th_ppm,U_ppm,NA,SRad_Jul,NA,NA,NA,NA,NA,NA,NA,NA,NA,NA,NA,NA,NA,NA,NA,NA,NA,NA,NA,NA,NA
Bungonia,Bungonia-1-1-1,log,log,eucalyptus,1,"original variable (not transformed prior to analysis - if transformed with link function in analysis, click this option)",NA,euc_sdlgs0_50cm,R_3PBpbf5wxagIV7X,NA,NA,0,generalised,standard,NA,NA,NA,Property,Quadrat no,NA,NA,NA,NA,NA,NA,NA,NA,NA,NA,NA,NA,NA,NA,NA,NA,NA,NA,NA,Distance_to_Eucalypt_canopy(m),euc_sdlgs0_50cm,NA,NA,NA,NA,NA,NA,NA,NA,NA,NA,NA,NA,NA,NA,NA,NA,NA,NA,NA,NA,NA,NA,NA,NA,NA,NA,NA,NA,NA,NA,NA,NA,NA
Bungonia,Bungonia-2-2-1,log,log,eucalyptus,1,"original variable (not transformed prior to analysis - if transformed with link function in analysis, click this option)",NA,euc_sdlgs50cm_2m,R_3PBpbf5wxagIV7X,NA,NA,0,generalised,standard,NA,NA,NA,Property,Quadrat no,NA,NA,NA,NA,NA,NA,NA,NA,NA,NA,NA,NA,NA,NA,NA,NA,NA,NA,NA,Distance_to_Eucalypt_canopy(m),NA,euc_sdlgs50cm-2m,NA,NA,NA,NA,NA,NA,NA,NA,NA,NA,NA,NA,NA,NA,NA,NA,NA,NA,NA,NA,NA,NA,NA,NA,NA,NA,NA,NA,NA,NA,NA,NA
Busselto,Busselto-1-1-1,log,log,eucalyptus,1,constructed variable (combining information from two or more original variables),all 3 seedlings combined - data$tot_seedlings <- data$euc_sdlgs.2m + data$euc_sdlgs0_50cm + data$euc_sdlgs50cm.2m,euc_sdlgs_all,R_3pte7gGbO7GliHv,NativePerennialGrass_cover,NA,0,generalised,zero_inflated,NA,NA,Season,Property,NA,NA,NA,Aspect,NA,ExoticAnnualGrass_cover,NA,NA,ExoticPerennialGrass_cover,NA,NativePerennialFern_cover,NativePerennialGrass_cover,NA,NA,NA,NA,Litter_cover,NA,Rock_cover,NA,NA,NA,NA,NA,annual_precipitation,NA,NA,NA,NA,K_perc,NA,NA,NA,NA,NA,NA,NA,NA,NA,NA,NA,NA,NA,NA,NA,NA,NA,NA,NA,NA,NA,NA,NA,NA,NA
Calliope,Calliope-3-3-1,log,log,eucalyptus,1,"original variable (not transformed prior to analysis - if transformed with link function in analysis, click this option)",NA,euc_sdlgs0_50cm,R_3rIdpCqsQtsmgqT,ExoticPerennialGrass_cover,NA,0,generalised,standard,NA,NA,NA,Property,NA,NA,NA,NA,NA,ExoticAnnualGrass_cover,NA,NA,ExoticPerennialGrass_cover,NA,NA,NativePerennialGrass_cover,NA,NativePerennialGraminoid_cover,NA,NA,NA,NA,NA,NA,NA,NA,NA,NA,annual_precipitation,NA,NA,NA,NA,NA,NA,NA,NA,NA,NA,NA,NA,NA,NA,NA,NA,NA,month,NA,NA,NA,NA,NA,NA,NA,NA,NA,NA,NA,NA
Calliope,Calliope-4-4-1,log,log,eucalyptus,1,"original variable (not transformed prior to analysis - if transformed with link function in analysis, click this option)",NA,euc_sdlgs50cm_2m,R_3rIdpCqsQtsmgqT,ExoticPerennialGrass_cover,NA,0,generalised,standard,NA,NA,NA,Property,NA,NA,NA,NA,NA,ExoticAnnualGrass_cover,NA,NA,ExoticPerennialGrass_cover,NA,NA,NativePerennialGrass_cover,NA,NativePerennialGraminoid_cover,NA,NA,NA,NA,NA,NA,NA,NA,NA,NA,annual_precipitation,NA,NA,NA,NA,NA,NA,NA,NA,NA,NA,NA,NA,NA,NA,NA,NA,NA,month,NA,NA,NA,NA,NA,NA,NA,NA,NA,NA,NA,NA
Canberra,Canberra-1-1-1,log,log,eucalyptus,1,constructed variable (combining information from two or more original variables),euc_sdlgs0_50cm + euc_sdlgs50cm-2m,euc_sdlgs0_2m,R_9FUOSSR4h4s5OlX,ExoticPerennialGrass_cover,342,0,generalised,standard,NA,NA,NA,Property,NA,NA,NA,NA,NA,ExoticAnnualGrass_cover,NA,NA,ExoticPerennialGrass_cover,NA,NA,NativePerennialGrass_cover,NA,NativePerennialGraminoid_cover,NA,NA,NA,NA,NA,NA,NA,NA,NA,NA,NA,NA,NA,NA,NA,NA,NA,NA,NA,NA,NA,NA,NA,NA,NA,NA,NA,NA,NA,NA,NA,NA,NA,NA,NA,NA,NA,NA,NA,NA,NA
Capertee,Capertee-1-1-1,log,log,eucalyptus,1,"original variable (not transformed prior to analysis - if transformed with link function in analysis, click this option)",NA,euc_sdlgs50cm_2m,R_9GOTiblKFa9C4x3,all_exotic_grass,345,0,generalised,standard,NA,NA,NA,Property,NA,NA,NA,NA,NA,NA,NA,NA,NA,NA,NA,NativePerennialGrass_cover,NA,NA,NA,BareGround_cover,Litter_cover,NA,Rock_cover,NA,Distance_to_Eucalypt_canopy(m),NA,NA,NA,annual_precipitation,NA,NA,NA,NA,NA,Th_ppm,NA,NA,NA,NA,all_exotic_grass,NA,NA,NA,NA,NA,NA,NA,all_exotic_herb,native_herb_fern_gram,NA,NA,NA,NA,NA,NA,NA,NA,NA,NA
Capertee,Capertee-2-2-1,log,log,eucalyptus,1,"original variable (not transformed prior to analysis - if transformed with link function in analysis, click this option)",NA,euc_sdlgs0_50cm,R_9GOTiblKFa9C4x3,all_exotic_grass,345,0,generalised,standard,NA,NA,NA,Property,NA,NA,NA,NA,NA,NA,NA,NA,NA,NA,NA,NativePerennialGrass_cover,NA,NA,NA,BareGround_cover,Litter_cover,NA,Rock_cover,NA,Distance_to_Eucalypt_canopy(m),NA,NA,NA,annual_precipitation,NA,NA,NA,NA,NA,Th_ppm,NA,NA,NA,NA,all_exotic_grass,NA,NA,NA,NA,NA,NA,NA,all_exotic_herb,native_herb_fern_gram,NA,NA,NA,NA,NA,NA,NA,NA,NA,NA
Cardwell,Cardwell-1-1-1,logit,logit,eucalyptus,0,constructed variable (combining information from two or more original variables),"summed variables euc_sdlgs0_50cm, euc_sdlgs50cm-2m,euc_sdlgs>2m, and then manually converted to presence-absence data where 1 = present, 0 = absent",NA,R_9KB5LL2E99Hqfhn,NA,NA,0,generalised,standard,NA,NA,Season,Property,NA,NA,NA,NA,NA,ExoticAnnualGrass_cover,ExoticAnnualHerb_cover,ExoticPerennialHerb_cover,ExoticPerennialGrass_cover,ExoticShrub_cover,NativePerennialFern_cover,NativePerennialGrass_cover,NativePerennialHerb_cover,NativePerennialGraminoid_cover,NativeShrub_cover,BareGround_cover,Litter_cover,MossLichen_cover,Rock_cover,Euc_canopy_cover,Distance_to_Eucalypt_canopy(m),euc_sdlgs0_50cm,euc_sdlgs50cm-2m,euc_sdlgs>2m,NA,NA,NA,NA,NA,NA,NA,NA,NA,NA,NA,NA,NA,NA,NA,NA,NA,NA,NA,NA,NA,NA,NA,NA,NA,NA,NA,NA,NA,NA,NA
Carnarvo,Carnarvo-1-1-1,log,log,eucalyptus,1,constructed variable (combining information from two or more original variables),data$total_seedlings..temp.<- data$euc_sdlgs0_50cm+data$euc_sdlgs50cm.2m+data$euc_sdlgs.2m,euc_sdlgs_all,R_AzL6RdNTHtPjxzX,all_grass,349,0,generalised,standard,NA,NA,NA,Property,NA,NA,NA,NA,NA,NA,NA,NA,NA,NA,NA,NA,NA,NA,NA,NA,NA,NA,NA,NA,NA,NA,NA,NA,NA,NA,NA,NA,NA,NA,NA,NA,NA,NA,all_grass,NA,NA,NA,NA,NA,NA,NA,NA,NA,NA,NA,NA,NA,NA,NA,NA,NA,NA,NA,NA
Carrieto,Carrieto-1-1-2,log,log,eucalyptus,NA,constructed variable (combining information from two or more original variables),data$total_seedlings..temp.<- data$euc_sdlgs0_50cm+data$euc_sdlgs50cm.2m+data$euc_sdlgs.2m,euc_sdlgs_all,R_AzL6RdNTHtPjxzX,NA,NA,NA,NA,standard,NA,NA,NA,NA,NA,NA,NA,NA,NA,NA,NA,NA,NA,NA,NA,NA,NA,NA,NA,NA,NA,NA,NA,NA,NA,NA,NA,NA,NA,NA,NA,NA,NA,NA,NA,NA,NA,NA,NA,NA,NA,NA,NA,NA,NA,NA,NA,NA,NA,NA,NA,NA,NA,NA,NA,NA,NA,NA,NA
Bundeena,Bundeena-1-1-1,log,log,eucalyptus,1,"original variable (not transformed prior to analysis - if transformed with link function in analysis, click this option)",NA,euc_sdlgs0_50cm,R_C7CnNaqfX71jQjL,ExoticAnnualGrass_cover,NA,0,linear,standard,NA,NA,Season,Property,NA,NA,NA,NA,NA,ExoticAnnualGrass_cover,NA,NA,ExoticPerennialGrass_cover,NA,NA,NativePerennialGrass_cover,NA,NativePerennialGraminoid_cover,NA,NA,NA,NA,NA,Euc_canopy_cover,Distance_to_Eucalypt_canopy(m),NA,NA,NA,annual_precipitation,NA,NA,NA,MrVBF,K_perc,Th_ppm,U_ppm,NA,SRad_Jul,NA,NA,NA,NA,NA,NA,NA,NA,NA,NA,NA,NA,NA,NA,NA,NA,NA,NA,NA,NA,NA
Bundeena,Bundeena-2-2-1,log,log,eucalyptus,1,"original variable (not transformed prior to analysis - if transformed with link function in analysis, click this option)",NA,euc_sdlgs0_50cm,R_C7CnNaqfX71jQjL,ExoticAnnualGrass_cover,NA,0,linear,standard,NA,NA,Season,Property,NA,NA,NA,NA,NA,ExoticAnnualGrass_cover,NA,NA,ExoticPerennialGrass_cover,NA,NA,NativePerennialGrass_cover,NA,NativePerennialGraminoid_cover,NA,NA,NA,NA,NA,Euc_canopy_cover,Distance_to_Eucalypt_canopy(m),NA,NA,NA,annual_precipitation,NA,NA,NA,MrVBF,K_perc,NA,U_ppm,NA,SRad_Jul,NA,NA,NA,NA,NA,NA,NA,NA,NA,NA,NA,NA,NA,NA,NA,NA,NA,NA,NA,NA,NA
Bundeena,Bundeena-3-3-1,log,log,eucalyptus,1,"original variable (not transformed prior to analysis - if transformed with link function in analysis, click this option)",NA,euc_sdlgs0_50cm,R_C7CnNaqfX71jQjL,ExoticAnnualGrass_cover,NA,0,linear,standard,NA,NA,Season,Property,NA,NA,NA,NA,NA,ExoticAnnualGrass_cover,NA,NA,NA,NA,NA,NativePerennialGrass_cover,NA,NativePerennialGraminoid_cover,NA,NA,NA,NA,NA,Euc_canopy_cover,Distance_to_Eucalypt_canopy(m),NA,NA,NA,annual_precipitation,NA,NA,NA,MrVBF,K_perc,Th_ppm,U_ppm,NA,SRad_Jul,NA,NA,NA,NA,NA,NA,NA,NA,NA,NA,NA,NA,NA,NA,NA,NA,NA,NA,NA,NA,NA
Bundeena,Bundeena-4-4-1,log,log,eucalyptus,1,"original variable (not transformed prior to analysis - if transformed with link function in analysis, click this option)",NA,euc_sdlgs0_50cm,R_C7CnNaqfX71jQjL,ExoticAnnualGrass_cover,NA,0,linear,standard,NA,NA,Season,Property,NA,NA,NA,NA,NA,ExoticAnnualGrass_cover,NA,NA,NA,NA,NA,NativePerennialGrass_cover,NA,NativePerennialGraminoid_cover,NA,NA,NA,NA,NA,Euc_canopy_cover,Distance_to_Eucalypt_canopy(m),NA,NA,NA,annual_precipitation,NA,NA,NA,MrVBF,K_perc,NA,U_ppm,NA,SRad_Jul,NA,NA,NA,NA,NA,NA,NA,NA,NA,NA,NA,NA,NA,NA,NA,NA,NA,NA,NA,NA,NA
Bundeena,Bundeena-5-5-1,log,log,eucalyptus,1,"original variable (not transformed prior to analysis - if transformed with link function in analysis, click this option)",NA,euc_sdlgs50cm_2m,R_C7CnNaqfX71jQjL,ExoticPerennialGrass_cover,NA,0,linear,standard,NA,NA,Season,Property,NA,NA,NA,NA,NA,NA,NA,NA,ExoticPerennialGrass_cover,NA,NA,NA,NA,NA,NA,NA,NA,NA,NA,Euc_canopy_cover,Distance_to_Eucalypt_canopy(m),NA,NA,NA,NA,NA,NA,NA,MrVBF,K_perc,Th_ppm,U_ppm,NA,SRad_Jul,NA,NA,NA,NA,NA,NA,NA,NA,NA,NA,NA,NA,NA,NA,NA,NA,NA,NA,NA,NA,NA
Cassilis,Cassilis-1-1-1,log,log,eucalyptus,1,"original variable (not transformed prior to analysis - if transformed with link function in analysis, click this option)",NA,euc_sdlgs0_50cm,R_phpZePnRFCxhQFH,ExoticPerennialGrass_cover,349,1,generalised,standard,NA,NA,NA,Property,NA,NA,NA,NA,NA,NA,NA,NA,ExoticPerennialGrass_cover,NA,NA,NA,NA,NA,NA,NA,NA,NA,NA,NA,NA,NA,NA,NA,NA,NA,NA,NA,NA,NA,NA,NA,NA,NA,NA,NA,NA,NA,NA,NA,NA,NA,NA,NA,NA,NA,NA,NA,NA,NA,NA,NA,NA,NA,NA
Cervante,Cervante-1-1-1,logit,logit,eucalyptus,1,constructed variable (combining information from two or more original variables),Additon of euc_sdlgs0_50cm + euc_sdlgs50cm-2m + euc_sdlgs>2m. Then converted to presence / absence,euc_sdlgs_all,R_Rku0BAsjkxtwo7L,NA,345,0,generalised,standard,NA,NA,Season,Property,NA,NA,NA,NA,NA,ExoticAnnualGrass_cover,ExoticAnnualHerb_cover,ExoticPerennialHerb_cover,ExoticPerennialGrass_cover,ExoticShrub_cover,NativePerennialFern_cover,NativePerennialGrass_cover,NativePerennialHerb_cover,NativePerennialGraminoid_cover,NativeShrub_cover,BareGround_cover,Litter_cover,MossLichen_cover,Rock_cover,Euc_canopy_cover,Distance_to_Eucalypt_canopy(m),euc_sdlgs0_50cm,euc_sdlgs50cm-2m,euc_sdlgs>2m,annual_precipitation,NA,NA,NA,NA,K_perc,Th_ppm,U_ppm,SRad_Jan,NA,NA,NA,NA,NA,NA,NA,NA,NA,NA,NA,NA,NA,NA,NA,NA,NA,NA,NA,NA,NA,NA
Cessnock,Cessnock-1-1-1,log,log,eucalyptus,1,"original variable (not transformed prior to analysis - if transformed with link function in analysis, click this option)",NA,euc_sdlgs0_50cm,R_V53ZP6DAbdFUqS5,all_grass,230,0,generalised,quadratic_variance,NA,NA,Season,Property,NA,NA,NA,Aspect,NA,NA,NA,NA,NA,NA,NA,NA,NA,NA,NA,BareGround_cover,NA,NA,NA,NA,Distance_to_Eucalypt_canopy(m),NA,NA,NA,NA,NA,NA,NA,MrVBF,NA,NA,NA,NA,NA,all_grass,NA,NA,NA,NA,NA,NA,NA,NA,NA,NA,NA,NA,NA,NA,NA,NA,NA,NA,NA,NA
Charlton,Charlton-1-1-1,log,log,eucalyptus,1,constructed variable (combining information from two or more original variables),euc_sdlgs0_50cm+euc_sdlgs50cm.2m +euc_sdlgs.2m,euc_sdlgs_all,R_vojH4E5b8mNOCU9,NativePerennialGrass_cover,345,0,generalised,zero_inflated,NA,NA,Season,Property,NA,NA,NA,NA,NA,ExoticAnnualGrass_cover,NA,NA,ExoticPerennialGrass_cover,NA,NA,NativePerennialGrass_cover,NA,NA,NA,NA,NA,NA,NA,Euc_canopy_cover,Distance_to_Eucalypt_canopy(m),NA,NA,NA,annual_precipitation,NA,NA,NA,MrVBF,K_perc,Th_ppm,U_ppm,NA,NA,NA,NA,NA,NA,NA,NA,NA,NA,NA,NA,NA,NA,NA,NA,NA,NA,NA,NA,NA,NA,NA
Childers,Childers-1-1-1,log,log,eucalyptus,1,"original variable (not transformed prior to analysis - if transformed with link function in analysis, click this option)",NA,euc_sdlgs0_50cm,R_x9Fs6DQf26tdSRr,all_exotic_grass,346,0,generalised,standard,NA,NA,NA,Property,Quadrat no,NA,NA,NA,NA,NA,NA,NA,NA,NA,NA,NA,NA,NA,NA,NA,NA,NA,NA,Euc_canopy_cover,Distance_to_Eucalypt_canopy(m),NA,NA,NA,annual_precipitation,NA,NA,NA,NA,NA,NA,NA,NA,NA,NA,all_exotic_grass,NA,NA,NA,NA,NA,NA,NA,NA,NA,NA,NA,NA,NA,NA,NA,NA,NA,NA,NA
Childers,Childers-2-2-1,log,log,eucalyptus,1,"original variable (not transformed prior to analysis - if transformed with link function in analysis, click this option)",NA,euc_sdlgs50cm_2m,R_x9Fs6DQf26tdSRr,NativePerennialGrass_cover,346,0,generalised,standard,NA,NA,NA,Property,Quadrat no,NA,NA,NA,NA,NA,NA,NA,NA,NA,NA,NativePerennialGrass_cover,NA,NA,NA,NA,NA,NA,NA,Euc_canopy_cover,Distance_to_Eucalypt_canopy(m),NA,NA,NA,annual_precipitation,NA,NA,NA,NA,NA,NA,NA,NA,NA,NA,NA,NA,NA,NA,NA,NA,NA,NA,NA,NA,NA,NA,NA,NA,NA,NA,NA,NA,NA,NA
Chiltern,Chiltern-1-1-1,logit,logit,eucalyptus,1,constructed variable (combining information from two or more original variables),"Sum of ""euc_sdlgs0-50cm"", ""euc_sdlgs50cm-2m"", and ""euc_sdlgs>2m""",euc_sdlgs_all,R_XQXeN7diZLPsRVv,all_grass,300,0,generalised,zero_inflated,NA,NA,NA,Property,NA,NA,NA,NA,NA,NA,NA,NA,NA,NA,NA,NA,NA,NA,NA,NA,NA,NA,NA,NA,NA,NA,NA,NA,annual_precipitation,NA,NA,NA,NA,NA,NA,NA,NA,NA,all_grass,NA,NA,NA,NA,NA,NA,NA,NA,NA,NA,NA,NA,NA,NA,NA,NA,NA,NA,NA,NA
